rubronombre,n
Almacén de comestibles,5319
"Venta al por menor de prendas de vestir, excepto las de cuero",3814
Kioscos instalados fuera del perímetro señalado en el código 633120.1 (zona 2),3592
VENTA AL POR MENOR DE PRODUCTOS DE ALMACÉN Y DIETÉTICA,3310
SERVICIOS DE PREPARACIÓN DE COMIDAS PARA LLEVAR,2583
"VENTA AL POR MENOR EN KIOSCOS, POLIRRUBROS Y COMERCIOS NO ESPECIALIZADOS N.C.P.",2326
OTRAS ACTIVIDADES N.C.P.,2212
VENTA AL POR MENOR DE BEBIDAS EN COMERCIOS ESPECIALIZADOS,2161
VENTA AL POR MENOR DE PRENDAS Y ACCESORIOS DE VESTIR N.C.P.,2158
"Venta al por menor de bebidas no alcohólicas, gaseosas y jugos",1995
Venta al por menor de vinos y otras bebidas alcohólicas y bebidas energizantes. Vinotecas. Vinerías,1914
Venta al por menor de artículos de perfumería y cosmética,1912
Verdulería y Frutería,1802
Venta al por menor de calzado. Zapaterías y zapatillerías,1610
"Depósitos y almacenamientos en general, excepto alimentos",1471
Carnicería. Venta al por menor de carnes y sus preparados y derivados (excepto envasada y congelada),1470
"Venta al por menor de artículos de librería, papelería y para oficina",1460
"Venta de artículos de fantasías, bijouterie, platería, alhajas y orfebrería",1437
Venta al por menor de carteras y demás artículos de marroquinería,1426
Venta al por menor de artículos para regalos. Regalería,1397
OFICINA ADMINISTRATIVA,1394
"Venta al por menor de artículos, productos y insumos de limpieza",1312
Pollería. Venta al por menor de aves evisceradas y huevos,1312
"Servicios de elaboración propia o por terceros y venta para llevar y entrega a domicilio de alimentos perecederos calientes, fríos o congelados, sin sucursales, con superficie habilitada de hasta 50 m2",1281
VENTA AL POR MENOR DE PAN Y PRODUCTOS DE PANADERÍA,1205
Quiniela,1185
"VENTA AL POR MENOR DE CARNES ROJAS, MENUDENCIAS Y CHACINADOS FRESCOS",1181
VENTA AL POR MENOR DE ARTÍCULOS NUEVOS N.C.P.,1181
"VENTA AL POR MENOR DE FRUTAS, LEGUMBRES Y HORTALIZAS FRESCAS",1114
Venta al por menor de panificadoras y panaderías,1085
"VENTA AL POR MENOR DE HUEVOS, CARNE DE AVES Y PRODUCTOS DE GRANJA Y DE LA CAZA",1005
"VENTA AL POR MENOR DE PRODUCTOS COSMÉTICOS, DE TOCADOR Y DE PERFUMERÍA",980
"Bar, confiterías, pizzerías, lomiterías, empanaderías, parrilla, trattoría, confiterías y restaurantes con una superficie habilitada hasta 100 m2.-",974
"Venta al por menor de repuestos y accesorios para vehículos automotores, incluido equipos de G.N.C.",971
PELUQUERÍAS INSTALADAS FUERA DEL PERÍMETRO Y TRAMOS ESTABLECIDOS POR EL ARTÍCULO 142° DE LA ORDENANZA TRIBUTARIA 2011,900
Servicio de fotocopiado. Fotocopiadoras,897
Venta al por menor en farmacias de productos medicinales,880
"Bingo, quini-6 u otros similares",874
SERVICIOS COMBINADOS DE GESTIÓN ADMINISTRATIVA DE OFICINAS,849
Venta al por menor de artículos varios. Polirubros,839
"VENTA AL POR MENOR DE PRODUCTOS ALIMENTICIOS N.C.P., EN COMERCIOS ESPECIALIZADOS",830
Lotería,814
Venta al por menor de juguetes. Jugueterías,766
Venta al por menor de ropa y accesorios para bebés y niños,741
Horneado de pan,724
"VENTA AL POR MENOR DE CALZADO, EXCEPTO EL ORTOPÉDICO Y EL DEPORTIVO",721
VENTA AL POR MENOR DE FIAMBRES Y EMBUTIDOS,700
VENTA AL POR MENOR EN MINIMERCADOS,693
Venta al por menor de artículos de telefonía - celulares y sus accesorios,681
SERVICIOS DE PELUQUERÍA,659
Venta al por menor de artículos de ferretería. Ferretería,656
"VENTA AL POR MENOR DE JUGUETES, ARTÍCULOS DE COTILLÓN Y JUEGOS DE MESA",651
"VENTA AL POR MENOR DE PAPEL, CARTÓN, MATERIALES DE EMBALAJE Y ARTÍCULOS DE LIBRERÍA",649
SERVICIOS DE EXPENDIO DE COMIDAS Y BEBIDAS EN ESTABLECIMIENTOS CON SERVICIO DE MESA Y/O EN MOSTRADOR N.C.P.,626
"VENTA AL POR MENOR DE ARTÍCULOS DE MARROQUINERÍA, PARAGUAS Y SIMILARES N.C.P.",624
VENTA AL POR MENOR DE FORRAJES  (INCLUYE LA VENTA DE ALIMENTO PARA ANIMALES Y ACCESORIOS PARA MASCOTAS),619
SERVICIOS DE RESTAURANTES Y CANTINAS SIN ESPECTÁCULO,611
"Servicios de elaboración propia o por terceros y venta para llevar y entrega a domicilio de alimentos perecederos calientes, fríos o congelados, sin sucursales, con superficie habilitada de más de 50 m2",610
VENTA AL POR MENOR DE MATERIALES Y PRODUCTOS DE LIMPIEZA,589
Otros juegos de azar,578
SERVICIO DE EXPENDIO DE HELADOS,571
VENTA AL POR MENOR DE BIJOUTERIE Y FANTASÍA,562
"VENTA AL POR MENOR DE PARTES, PIEZAS Y ACCESORIOS NUEVOS N.C.P.",558
Venta al por menor de productos dietéticos.,544
FIAMBRERIA. VENTA AL POR MENOR DE FIAMBRES.,543
"VENTA AL POR MENOR DE HUEVOS, CARNE DE AVES Y  PRODUCTOS DE GRANJA Y DE LA CAZA",539
Venta al por menor de artículos de caña y mimbre. Venta de muebles. Mueblería,528
"VENTA AL POR MENOR DE PRODUCTOS VETERINARIOS, ANIMALES DOMÉSTICOS Y ALIMENTO BALANCEADO PARA MASCOTAS",515
Venta al por menor de herboristería,509
"Bar, confiterías, pizzerías, lomiterías, empanaderías, parrilla, trattoría, confiterías y restaurantes con una superficie habilitada desde 101 m2 a 200 m2.",503
VENTA AL POR MENOR DE PRODUCTOS LÁCTEOS,497
"VENTA AL POR MENOR DE BOMBONES, GOLOSINAS Y DEMÁS PRODUCTOS DE CONFITERÍA",494
Venta al por menor de artículos de lencería,484
"SERVICIOS DE RECEPCIÓN DE APUESTAS DE QUINIELA, LOTERÍA Y SIMILARES",484
Venta al por menor de leche y productos lácteos,481
"Intermediarios, consignatarios, comisionistas, que perciban comisiones u otras retribuciones análogas o porcentajes",479
Servicio de oficina de cobranzas,473
"VENTA AL POR MENOR DE ROPA INTERIOR, MEDIAS, PRENDAS PARA DORMIR Y PARA LA PLAYA",466
Servicio de reparto a domicilio (Delivery). Siempre que sea accesorio de rubro de actividad principal.,465
Venta al por menor de indumentaria deportiva y sus accesorios,461
Venta al por menor de artículos de bazar y menaje,450
HELADERIA,427
Fabricación de pan y productos de panificación. Panificadoras,418
VENTA AL POR MENOR DE ARTÍCULOS DE BAZAR Y MENAJE,414
SERVICIOS DE EXPENDIO DE BEBIDAS EN BARES,407
Agencias de turismo y servicios conexos (por comisiones),395
VENTA AL POR MENOR DE INDUMENTARIA PARA BEBÉS Y NIÑOS,383
Locación de bienes inmuebles propios,379
Venta al por menor de productos y artículos confeccionados con materiales textiles n.c.p.,376
VENTA AL POR MENOR DE INDUMENTARIA DEPORTIVA,375
Venta al por menor de artículos de mercería,372
Depósitos y almacenamientos de alimentos no refrigerados,368
Gimnasios,362
SERVICIOS MÉDICOS PARA ANIMALES (VETERINARIA),355
VENTA AL POR MENOR DE MEDICAMENTOS DE USO HUMANO (FARMACIAS),354
Venta por menor de Insumos de computación,352
Venta al por menor de artículos del hogar,351
Cabinas telefónicas (por cabina Mínimo $ 23),347
VENTA AL POR MENOR DE APARATOS DE TELEFONÍA Y COMUNICACIÓN,340
"Administración, alquiler y venta de terceros. Inmobiliarias",338
VENTA AL POR MENOR DE CALZADO DEPORTIVO,333
"Kioscos instalados dentro del perímetro señalado en el código 633120.1 (zona 1), shoppings y grandes centros comerciales",333
"Venta al por menor de pinturas, barnices, lacas, esmaltes y artículos de pinturería",331
Venta de helados envasados,328
"Venta al por menor de bombones y golosinas. Caramelería, galletitería",328
"VENTA AL POR MENOR DE MUEBLES PARA EL HOGAR, ARTÍCULOS DE MIMBRE Y CORCHO",326
Reparación de aparatos eléctricos de uso doméstico y personal,326
SERVICIOS EMPRESARIALES N.C.P.,325
"Bar, confiterías, pizzerías, lomiterías, empanaderías, parrilla, trattoría, confiterías y restaurantes con una superficie habilitada de más de 300 m2. -",323
VENTA AL POR MENOR DE ARTÍCULOS DE ÓPTICA Y FOTOGRAFÍA,320
"SERVICIOS DE TRATAMIENTO DE BELLEZA, EXCEPTO LOS DE PELUQUERÍA",313
"Sandwichería, elaboración y ventas por menor, sin servicios de mesas",311
Venta al por menor de artículos de cotillón,308
"SERVICIOS DE FOTOCOPIADO, PREPARACIÓN DE DOCUMENTOS Y OTROS SERVICIOS DE APOYO DE OFICINA",307
"REPARACIÓN DE AUTOMOTORES Y MOTOCICLETAS (MOTORES Y MECÁNICA INTEGRAL; INCLUIDOS CARBURADOR, RADIADOR, Y SERVICIO DE AUXILIO Y REMOLQUE DE AUTOMOTORES).",297
PELUQUERÍAS INSTALADAS DENTRO DEL PERÍMETRO Y TRAMOS ESTABLECIDOS POR EL ARTÍCULO 142° DE LA ORDENANZA TRIBUTARIA 2011,295
VENTA AL POR MENOR DE ARTÍCULOS DE FERRETERÍA Y MATERIALES ELÉCTRICOS,295
Venta al por menor de carne envasada y congelada,294
"Servicios de atención ambulatoria. (Incluye las actividades de consultorios médicos de establecimientos sin internación, consultorios de guardia para resolver urgencias médicas, vacunatorios, centros del primer nivel de atención,  Los servicios de cirugía",288
"Venta al por menor de colchones, almohadas y accesorios",283
VENTA AL POR MENOR DE ARTÍCULOS DE ÓPTICA,282
"SERVICIOS INMOBILIARIOS REALIZADOS POR CUENTA PROPIA, CON BIENES URBANOS PROPIOS O ARRENDADOS N.C.P.",279
Venta al por menor de alimentos y suplementos dietarios.,279
SERVICIOS DE ALMACENAMIENTO Y DEPÓSITO N.C.P.,266
VENTA POR MENOR DE MEDICAMENTOS Y ACCESORIOS PARA ANIMALES,264
Servicios prestados a las empresas por profesionales organizados como empresa en ejercicio de su profesión liberal,262
VENTA AL POR MENOR DE TABACO EN COMERCIOS ESPECIALIZADOS,255
SERVICIOS MINORISTAS DE AGENCIAS DE VIAJES,252
"Bar, confiterías, pizzerías, lomiterías, empanaderías, parrilla, trattoría, confiterías y restaurantes con una superficie habilitada desde 101 m2 a 200 m2. Ubicados dentro de los siguientes perímetros:",250
Venta al por menor de pastas frescas,249
Desarrollo de software,249
VENTA AL POR MENOR DE ARTÍCULOS PARA EL HOGAR N.C.P.,248
"Servicios de tratamiento. (Incluye las actividades de centros de cobaltoterapia, de radiología convencional, de acelerador lineal de rehabilitación física, de psicoterapia, de hemoterapia, de rehabilitación psíquica, unidades de hemodiálisis, centros de m",248
"Venta al por menor de joyas, relojes y artículos conexos",247
"Venta al por menor de máquinas de oficina, computadoras, cálculo, sus componentes y repuestos",245
Peluquería canina,245
Agente de seguros y servicios relacionados con seguros n.c.p.,236
VENTA AL POR MENOR DE PRODUCTOS FARMACÉUTICOS Y HERBORISTERÍA,236
"Bar, confiterías, pizzerías, lomiterías, empanaderías, parrilla, trattoría, confiterías y restaurantes con una superficie habilitada hasta 100 m2. Ubicados dentro de los siguientes perímetros:",235
SERVICIOS VETERINARIOS,235
SERVICIOS DE AGENCIAS DE COBRO Y CALIFICACIÓN CREDITICIA,232
Minimercado,231
Corredor inmobiliario,231
SERVICIOS DE ACONDICIONAMIENTO FÍSICO,231
"VENTA AL POR MENOR EN COMERCIOS NO ESPECIALIZADOS, SIN PREDOMINIO DE PRODUCTOS ALIMENTICIOS Y BEBIDAS",229
Venta al por menor de tabacos y cigarrillos,227
"VENTA AL POR MENOR DE ELECTRODOMÉSTICOS, ARTEFACTOS PARA EL HOGAR Y EQUIPOS DE AUDIO Y VIDEO",226
"Venta al por menor de artículos electrónicos, sus repuestos y accesorios (excepto del hogar)",225
"Bar, confiterías, pizzerías, lomiterías, empanaderías, parrilla, trattoría, confiterías y restaurantes con una superficie habilitada desde 201 m2 a 300 m2.-",220
"Bar, confiterías, pizzerías, lomiterías, empanaderías, parrilla, trattoría, confiterías y restaurantes. Ubicados dentro de shoppings, grandes centros comerciales, galerías y patios de comida.",216
"VENTA AL POR MENOR DE EQUIPOS, PERIFÉRICOS, ACCESORIOS Y PROGRAMAS INFORMÁTICOS",213
ELABORACIÓN DE PRODUCTOS DE PANADERÍA N.C.P.,212
Depósitos y almacenamientos de alimentos refrigerados,210
"Venta al por mayor de repuestos y accesorios para vehículos automotores, incluido equipos de G.N.C.",208
Depilación,203
VENTA AL POR MENOR DE ARTÍCULOS DE RELOJERÍA Y JOYERÍA,203
VENTA AL POR MENOR DE INSTRUMENTAL MÉDICO Y ODONTOLÓGICO Y ARTÍCULOS ORTOPÉDICOS,202
VENTA AL POR MENOR DE COMBUSTIBLE PARA VEHÍCULOS AUTOMOTORES Y MOTOCICLETAS,200
"VENTA AL POR MENOR DE EQUIPOS, PERIFÉRICOS,  ACCESORIOS Y PROGRAMAS INFORMÁTICOS",198
"Reparación de automotores y motocicletas (amortiguadores, alineación de dirección, balanceo de ruedas, llantas)",192
SERVICIOS DE ATENCIÓN A ANCIANOS CON ALOJAMIENTO,190
Venta al por menor de lubricantes líquidos y sólidos,189
Venta al por menor de productos de repostería,186
Pescadería,185
VENTA AL POR MENOR DE MATERIALES DE CONSTRUCCIÓN N.C.P.,180
SERVICIOS RELACIONADOS CON LA SALUD HUMANA N.C.P.,179
VENTA AL POR MENOR DE COLCHONES Y SOMIERES,179
Lotería instantánea,178
"EXPLOTACIÓN DE INSTALACIONES DEPORTIVAS, EXCEPTO CLUBES",177
Venta al por menor de masas y demás productos de pastelerías. Confiterías,177
"VENTA AL POR MENOR DE HILADOS, TEJIDOS Y ARTÍCULOS DE MERCERÍA",176
Venta al por menor de materiales de construcción,175
Bancos                                                                                                                                                                                                                                            Con un mínimo,174
Venta al por menor de flores y plantas naturales y artificiales,173
SERVICIOS DE ALMACENAMIENTO Y DEPÓSITO N.C.P. ,170
Servicio de cerrajería,160
Manicura,160
Venta al por menor de quesos,158
PIROTECNIA POR MENOR,153
VENTA AL POR MENOR DE PINTURAS Y PRODUCTOS CONEXOS,153
REPARACIÓN Y MANTENIMIENTO DE EQUIPOS DE TELEFONÍA Y DE COMUNICACIÓN,149
SERVICIOS DE CONSULTORES EN INFORMÁTICA Y SUMINISTROS DE PROGRAMAS DE INFORMÁTICA,143
Venta al por menor de artículos de plástico,140
Venta al por menor de prendas de vestir de cuero y sucedáneos,137
VENTA AL POR MENOR DE INSUMOS MÉDICOS,136
VENTA AL POR MENOR DE PESCADOS Y PRODUCTOS DE LA PESCA,136
"Venta al por menor de bicicletas y rodados infantiles, sus repuestos y accesorios",136
"VENTA AL POR MENOR DE PRODUCTOS COSMÉTICOS, DE TOCADOR Y DE PERFUMERÍA, PAÑALES",133
"Fraccionamiento, distribución y venta por mayor de productos alimentarios n.c.p.",132
Salón de belleza,130
Artesanos. Venta al por menor de artesanías,130
Venta al por menor de pañales,129
"MANTENIMIENTO Y REPARACIÓN DEL MOTOR N.C.P., MECÁNICA INTEGRAL",129
"Venta al por menor de discos, cassettes, DVD, DVC, videos juegos y similares. Disquerías",128
ESCUELA DE DANZAS Y YOGA,127
"Venta al por menor de café, te, yerba mate y especias",127
VENTA AL POR MENOR DE ARTÍCULOS DE TALABARTERÍA Y ARTÍCULOS REGIONALES,126
"Bar, confiterías, pizzerías, lomiterías, empanaderías, parrilla, trattoría, confiterías y restaurantes con una superficie habilitada desde 201 m2 a 300 m2. Ubicados dentro de los siguientes perímetros:",126
"VENTA AL POR MENOR  DE ELECTRODOMÉSTICOS, ARTEFACTOS PARA EL HOGAR Y EQUIPOS DE AUDIO Y VIDEO",126
Instituto de higiene y estética corporal,126
SERVICIOS DE COMIDAS N.C.P.,125
Activación de líneas teléfonos celulares,124
"Venta al por menor de aparatos fotográficos, artículos de fotografía",124
"Venta al por menor de lanas, hilos y artículos afines",123
INSTALACIÓN DE EQUIPOS DE GNC,122
VENTA AL POR MENOR DE TEXTOS NUEVOS,121
Agencias de turismo y servicios conexos propios,119
SERVICIOS INMOBILIARIOS REALIZADOS A CAMBIO DE UNA RETRIBUCIÓN O POR CONTRATA N.C.P.,118
Combustibles derivados del petróleo y Gas Natural Comprimido,117
Venta al por menor de artículos de revestimiento y decoración,116
VENTA AL POR MENOR DE ARTÍCULOS DE ILUMINACIÓN,115
"VENTA POR MENOR DE MEDICAMENTOS, MASCOTAS Y PRODUCTOS (INCLUYE ALIMENTO PARA ANIMALES)",113
VENTA AL POR MENOR DE CONFECCIONES PARA EL HOGAR,113
"CONSTRUCCIÓN, REFORMA Y REPARACIÓN DE EDIFICIOS RESIDENCIALES",112
SERVICIOS PERSONALES N.C.P.,112
"CONSTRUCCIÓN, REFORMA Y REPARACIÓN DE EDIFICIOS NO RESIDENCIALES",111
ESTABLECIMIENTOS QUE PRESTAN EL SERVICIO DE CONTROL DE PLAGAS URBANAS,110
"Provisión de comidas preparadas, racionamiento de alimentos en cocido (incluye el servicio de catering, el suministro de confituras y comidas para banquetes, bodas, fiestas y otras celebraciones, )",109
Venta al por menor de aparatos y artefactos eléctricos para la iluminación,109
"Transporte automotores de carga y encomienda a corta, media y larga distancia",108
Fabricación de productos metálicos n.c.p.,107
"Venta al por menor de aberturas (puertas, ventanas, armazones)",106
"Residenciales, hospedajes y otros lugares de alojamiento sin discriminar rubros, no clasificados en otra parte. Con un mínimo por habitación de $ 14,50.-",105
"VENTA DE AUTOS, CAMIONETAS Y UTILITARIOS, USADOS",105
Lubricentros,105
"Venta al por menor de máquinas n.c.p. y motores, incluidos sus repuestos",103
Lavadero de autos,103
ELABORACIÓN DE PRODUCTOS ALIMENTICIOS N.C.P.,103
VENTA AL POR MENOR DE PRENDAS DE CUERO,102
VENTA POR MENOR DE MASCOTAS Y ACCESORIOS PARA ANIMALES,102
Venta al por mayor de bebidas alcohólicas y energizantes,102
"VENTA AL POR MAYOR DE PARTES, PIEZAS Y ACCESORIOS DE VEHÍCULOS AUTOMOTORES ",102
Instituto de enseñanza,100
Pedicura,100
Impresión y encuadernación (excepto diarios y revistas),99
Venta al por mayor de prendas de vestir (excepto de cuero y calzado),99
Venta al por menor de tarjetas magnéticas de transporte de pasajeros y de telefonía,98
Fabricación de masas y demás productos de pastelería (confiterías),98
Venta al por mayor de artículos de limpieza y saneamiento,98
"Venta al por menor de legumbres, frutas, cereales secos y en conservas",97
VENTA AL POR MENOR DE PRODUCTOS FARMACÉUTICOS Y  HERBORISTERÍA,97
SERVICIOS DE ENSEÑANZA N.C.P.,96
VENTA AL POR MENOR DE ARTÍCULOS TEXTILES N.C.P. EXCEPTO PRENDAS DE VESTIR,96
Venta al por menor de cámaras y cubiertas.,95
"VENTA AL POR MENOR DE FLORES, PLANTAS, SEMILLAS, ABONOS, FERTILIZANTES Y OTROS PRODUCTOS DE VIVERO 	",95
VENTA AL POR MENOR DE PESCADOS Y  PRODUCTOS DE LA PESCA,95
VENTA AL POR MENOR DE LIBROS,95
Venta al por menor de artículos de santería,94
Venta al por menor de artículos regionales,93
SERVICIOS DE ASOCIACIONES N.C.P.,93
Elaboración de pastas frescas,92
Fabricación de productos metálicos de Tornería y Matricería,91
"Venta al por mayor de artículos de tocador, jabones, perfumes, cosméticos",90
Fábrica de milanesas y hamburguesas,90
"SERVICIO MÉDICO INTEGRADO DE CONSULTA, DIAGNÓSTICO Y TRATAMIENTO",89
VENTA AL POR MENOR NO REALIZADA EN ESTABLECIMIENTOS,89
"Elaboración de productos alimenticios n.c.p. (Incluye la elaboración de polvos para preparar postres y gelatinas, levadura, productos para copetín, sal de mesa, mayonesa, mostaza)",89
Servicios prestados al público por profesionales organizados como empresa en ejercicio de su profesión liberal,89
"Reparaciones eléctricas de automotores (incluyendo tableros, instrumental y reparación o recarga de baterías)",89
Venta al por mayor en ferreterías,86
Agencia de publicidad,85
Fabricación de productos de carpintería metálica,85
VENTA AL POR MENOR DE CÁMARAS Y CUBIERTAS,85
"Servicios de diagnósticos. (Incluye las actividades de laboratorios de análisis clínicos y patológicos, centros de diagnóstico por imágenes, centros de endoscopía, de electrodiagnóstico, consultorios de hemodinamia)",85
"VENTA DE MOTOCICLETAS Y DE SUS PARTES, PIEZAS Y ACCESORIOS",85
"VENTA AL POR MENOR DE FUEL OIL, GAS EN GARRAFAS, CARBÓN Y LEÑA",85
SERVICIOS RELACIONADOS CON LA SALUD HUMANA N.C.P. ,85
Venta  por menor de motocicletas nuevas y usadas,84
SERVICIOS ODONTOLÓGICOS,84
Venta al por menor de telas. Tiendas,83
ENSEÑANZA ARTÍSTICA,81
SERVICIOS DE FAST FOOD Y LOCALES DE VENTA DE COMIDAS Y BEBIDAS AL PASO,81
VENTA AL POR MAYOR DE PRODUCTOS ALIMENTICIOS N.C.P.,81
SERVICIOS DE REHABILITACIÓN FÍSICA,80
"Venta al por menor de aparatos para videojuegos; cassettes, DVD; reproductores; videograbadoras y similares",80
Prode,80
"Venta al por mayor de bebidas no alcohólicas, aguas, gaseosas",79
Taller de chapa y pintura de automotores,79
REPARACIÓN DE ARTÍCULOS ELÉCTRICOS Y ELECTRÓNICOS DE USO DOMÉSTICO,79
Venta al por mayor de combustibles y lubricantes para automotores,79
Venta  por menor de vehículos automotores usados,79
Operaciones o préstamos no involucrados en los apartados anteriores,79
"REFORMA Y REPARACIÓN DE CERRADURAS, DUPLICACIÓN DE LLAVES. CERRAJERÍAS",78
Venta de automotores usados por comisiones o consignaciones. Incluye planes de ahorro,77
"VENTA AL POR MENOR DE FLORES, PLANTAS, SEMILLAS, ABONOS, FERTILIZANTES Y OTROS PRODUCTOS DE VIVERO",77
"Venta al por mayor de máquinas, equipos y aparatos de uso doméstico (incluidos los eléctricos)",76
VENTA AL POR MENOR EN SUPERMERCADOS,76
VENTA AL POR MAYOR DE PRODUCTOS FARMACÉUTICOS,76
Venta de GNC,76
SERVICIOS DE CONSULTA MÉDICA,76
Venta por menor de automotores  nuevos y  usadas en consignación,75
"Seguros (Cooperativa , Mutual y compañía privada) . Reaseguros Con un mínimo por persona que desarrolle actividad inherente al giro del establecimiento de $203",75
Ejecución de trabajos de artículos publicitarios (diseño gráfico),74
Servicios de acceso a navegación y otros canales de uso de internet. Entretenimientos; juegos en red y en consolas (cyber y similares) con un mínimo por puesto conectado a un sistema de red con o sin acceso a internet de $15.-,74
Venta por mayor de productos farmacéuticos y veterinarios (medicamentos),74
SERVICIOS DE LA BANCA MINORISTA,73
Enseñanza privada (otras),72
VENTA AL POR MENOR DE PRODUCTOS FARMACÉUTICOS Y DE HERBORISTERÍA,72
Supermercado con una superficie total de 301 m2 hasta 600 m2,72
Servicio de limpieza,71
"ELABORACIÓN INDUSTRIAL DE PRODUCTOS DE PANADERÍA, EXCEPTO GALLETITAS Y BIZCOCHOS",71
"Servicios de elaboración propia o por terceros y venta para llevar y entrega a domicilio de alimentos perecederos calientes, fríos o congelados, sin sucursales, con superficie habilitada de más de 50 m2. Ubicados dentro del perímetro comprendido por las c",70
ELABORACIÓN DE PASTAS ALIMENTARIAS FRESCAS,69
VENTA AL POR MENOR DE UNIFORMES ESCOLARES Y GUARDAPOLVOS,69
SERVICIOS DE SEGURIDAD E INVESTIGACIÓN N.C.P.,69
"Venta al por menor de motores, maquinarias, equipos y aparatos industriales (incluidos los eléctricos)",69
ELABORACIÓN DE COMIDAS PREPARADAS PARA REVENTA,68
SERVICIOS RELACIONADOS CON JUEGOS DE AZAR Y APUESTAS N.C.P.,68
Fabricación de productos plásticos n.c.p.,68
SERVICIOS DE FINANCIACIÓN Y ACTIVIDADES FINANCIERAS N.C.P.,68
Venta al por mayor en comisión o consignación de mercaderías n.c.p.,68
Taller de gomería. Incluye las que poseen anexos de recapados,68
Venta al por menor de sanitarios,67
"VENTA DE AUTOS, CAMIONETAS Y UTILITARIOS, USADOS  ",67
Venta al por mayor de artículos de bazar y menaje,66
Fabricación y reparación de maquinaria y equipos para la industria en general n.c.p.,65
"Venta al por mayor de frutas, hortalizas y verduras en el Mercado de Abasto",64
"Confección de prendas de vestir (excepto las de piel, de cuero y sucedáneos, pilotos e impermeables). Incluye ropa interior, prendas de dormir y playa, indumentaria de trabajo, uniformes, guardapolvos, ropa de bebé y niño.",64
Supermercado con una superficie total hasta 300 m2,64
"Combustibles derivados del petróleo y Gas Natural Comprimido, en estaciones de servicio y otras actividades reguladas por la Ordenanza Nº 9748/97 y sus modificatorias como localizadas en zonas determinadas por el artículo 10° de dicha ordenanza",64
SERVICIOS DE ENVIO Y RECEPCIÓN DE FONDOS DESDE Y HACIA EL EXTERIOR,64
SERVICIOS DE DESINFECCIÓN Y EXTERMINIO DE PLAGAS EN EL ÁMBITO URBANO,63
Servicio de seguridad,63
VENTA DE VEHÍCULOS AUTOMOTORES USADOS N.C.P.,63
VENTA AL POR MAYOR DE ARTÍCULOS DE FERRETERÍA Y MATERIALES ELÉCTRICOS,62
SERVICIOS PRESTADOS POR INMOBILIARIAS,62
"Venta al por menor y colocación de equipos de audio; de radiollamado, alarmas; cierre centralizado; levanta cristales para automotores",62
Fabricación de galletitas y bizcochos y otros productos secos de panaderías,62
VENTA AL POR MENOR DE ABERTURAS,62
Reparación de relojes y joyas,61
VENTA AL POR MENOR DE ARTÍCULOS DE ORTOPEDIA,61
"Fábrica de chacinados. Elaboración de fiambres, embutidos y preparados a base de carne",60
"Venta al por mayor de descartables de uso médico, paramédico, odontológico y ortopédico",60
"ENSEÑANZA DE GIMNASIA, DEPORTES Y ACTIVIDADES FÍSICAS",59
FÁBRICA PRODUCTOS DERIVADOS DE LA HARINA-PANIFICACIÓN,59
Servicios de gestión y logística para el transporte de mercaderías,59
Venta al por menor de alarmas y otros artículos de seguridad,59
"SERVICIOS BRINDADOS PARA TERCEROS POR CALL CENTER, CONTACT CENTER, Y ATENCIÓN AL CLIENTE. SERVICIOS BRINDADOS MEDIANTE TECNOLOGÍA PERTENECIENTE AL ÁREA DE COMUNICACIONES. SE INCLUYEN TODOS LOS SERVICIOS RELACIONADOS CON EL ASESORAMIENTO Y AUXILIO TÉCNICO",59
VENTA AL POR MAYOR DE MERCANCÍAS N.C.P.,59
Ejecución y mantenimiento de instalaciones eléctricas n.c.p.,58
"Servicios de elaboración propia o por terceros y venta para llevar y entrega a domicilio de alimentos perecederos calientes, fríos o congelados, sin sucursales, con superficie habilitada de hasta 50 m2. Ubicados dentro del perímetro comprendido por las ca",58
"Venta al por menor de semillas, abonos, fertilizantes y otros productos de vivero",58
"Venta al por mayor de fiambres, embutidos y chacinados",58
VENTA AL POR MENOR DE BATERÍAS,58
"Venta al por menor de vidrios, cristales, espejos, mamparas y cerramientos (incluye su colocación). Vidrierías",57
INSTALACIÓN Y REPARACIÓN DE EQUIPOS DE GNC,57
"VENTA AL POR MAYOR DE PRODUCTOS COSMÉTICOS, DE TOCADOR Y DE PERFUMERÍA",56
"Venta al por mayor de equipo informático y máquinas de oficina, cálculo y contabilidad",56
"CONFECCIÓN DE PRENDAS DE VESTIR N.C.P., EXCEPTO PRENDAS DE PIEL, CUERO Y DE PUNTO",55
"VENTA DE MOTOCICLETAS Y DE SUS PARTES, PIEZAS Y ACCESORIOS   ",55
Reparación de calzado y otros artículos de cuero,55
Venta al por menor de diarios y revistas,55
Venta al por mayor de artículos de librería y papelería,54
Venta  por menor de vehículos automotores nuevos,54
Recarga y venta al por menor de garrafas y combustibles sólidos y líquidos,54
"Instalación y reparación de lunetas y ventanillas, sistema de climatización, grabado de cristales de automotores, polarizados,",53
Reparación de bicicletas y rodados infantiles,53
Natatorios,53
Venta de automotores nuevos por comisiones o consignaciones. Incluye planes de ahorro,53
VENTA AL POR MAYOR DE COMBUSTIBLES Y LUBRICANTES PARA AUTOMOTORES,52
"Fabricación de muebles, sus partes y accesorios, excepto metálicos y plásticos",52
FABRICACIÓN DE PRODUCTOS ELABORADOS DE METAL N.C.P.,51
"SERVICIOS DE ALOJAMIENTO EN HOTELES, HOSTERÍAS Y RESIDENCIALES SIMILARES, EXCEPTO POR HORA, QUE NO INCLUYEN SERVICIO DE RESTAURANTE AL PÚBLICO",51
Venta al por menor de materiales de construcción en medianas y grandes superficies,51
VENTA AL POR MENOR POR INTERNET,51
"FABRICACIÓN DE PARTES, PIEZAS Y ACCESORIOS PARA VEHÍCULOS AUTOMOTORES Y SUS MOTORES N.C.P.",51
REPARACIÓN DE CÁMARAS Y CUBIERTAS,51
SERVICIOS MAYORISTAS DE AGENCIAS DE VIAJES,51
Venta de combustibles al por menor (por comisiones),51
VENTA AL POR MAYOR DE MATERIALES Y PRODUCTOS DE LIMPIEZA,50
PRODUCCIÓN Y PROCESAMIENTO DE CARNE DE AVES,50
Compra y venta de artículos del hogar y muebles,50
VENTA AL POR MENOR DE EQUIPOS  Y ARTÍCULOS DEPORTIVOS,49
"Bar, confiterías, pizzerías, lomiterías, empanaderías, parrilla, trattoría, confiterías y restaurantes con una superficie habilitada de más de 300 m2. Ubicados dentro de los siguientes perímetros:",49
SERVICIOS DE PUBLICIDAD N.C.P.,49
FABRICACIÓN DE PRODUCTOS METÁLICOS DE TORNERÍA Y/O MATRICERÍA,49
"Servicios relacionados con la imprenta (electrotipia, composición de tipo, grabado)",49
VENTA AL POR MAYOR EN COMISIÓN O CONSIGNACIÓN DE FRUTAS,49
SERVICIOS DE CRÉDITO N.C.P.,49
ELABORACIÓN DE PRODUCTOS DE CONFITERÍA N.C.P.,49
ELABORACIÓN DE FIAMBRES Y EMBUTIDOS,48
"Venta al por mayor de pinturas, barnices, lacas y esmaltes",48
Servicios de gestoría del automotor,48
Recarga y venta al por menor de gas carbónico p/matafuegos y gasificadores,48
"VENTA AL POR MAYOR Y EMPAQUE DE FRUTAS, DE LEGUMBRES Y HORTALIZAS FRESCAS",48
"Construcción, reforma y reparación de edificios (incluye viviendas unifamiliares y multifamiliares; bungalows, cabañas, casas de campo, departamento, albergues para ancianos, estudiantes, niños)",47
SERVICIOS DE LIMPIEZA GENERAL DE EDIFICIOS,47
Alquiler de ropa en general (excepto ropa blanca),47
Venta y abastecimiento de carne y derivados,47
"Venta al por mayor de chocolate y sus preparados, caramelos y otros derivados del azúcar",46
Venta al por menor de artículos de camping,46
SERVICIOS DE CANTINAS DE ATENCION EXCLUSIVA A EMPLEADOS O ESTUDIANTES DENTRO DE EMPRESAS O EST. EDUCATIVOS,45
"REPARACIÓN DE AMORTIGUADORES, ALINEACIÓN DE DIRECCIÓN Y BALANCEO DE RUEDAS",45
"VENTA AL POR MENOR DE PAPELES PARA PARED, REVESTIMIENTOS PARA PISOS Y ARTÍCULOS SIMILARES PARA LA DECORACIÓN",45
Queserías. Venta al por mayor de quesos,45
Fábrica de Sándwiches,45
"Fabricación de repuestos, piezas y accesorios para vehículos automotores",45
"SERVICIOS DE FAST FOOD"" Y LOCALES DE VENTA DE COMIDAS Y BEBIDAS AL PASO""",45
ALQUILER Y ARRENDAMIENTO DE MAQUINARIA Y EQUIPO N.C.P.,44
SERVICIOS DE PRODUCTORES Y ASESORES DE SEGUROS,44
VENTA AL POR MENOR DE ARTÍCULOS PARA PLOMERÍA E INSTALACIÓN DE GAS,44
Venta al por mayor de aves y huevos,44
Venta de inmuebles Propios,44
"SERVICIOS DE ASESORAMIENTO, DIRECCIÓN Y GESTIÓN EMPRESARIAL N.C.P.",43
PROCESAMIENTO DE CARNE DE GANADO BOVINO,43
"VENTA AL POR MAYOR DE PAN, PRODUCTOS DE CONFITERÍA Y PASTAS FRESCAS",43
VENTA AL POR MAYOR DE FIAMBRES Y QUESOS,43
"VENTA AL POR MAYOR DE ARTÍCULOS DE PLOMERÍA, ELECTRICIDAD, ILUMINACIÓN, CALEFACCIÓN, OBRAS SANITARIAS Y SIMILARES",42
VENTA AL POR MAYOR DE BEBIDAS NO ALCOHÓLICAS,42
Lavandería automática. Alquiler de máquinas lavadoras y secadoras de ropa en general,42
Venta al por mayor de artículos para kiosco y para salones de venta,42
VENTA AL POR MAYOR DE MERCANCÍAS N.C.P. ,42
"Venta al por mayor de café, té y yerba mate (incluye Fraccionamiento, y venta al por mayor de sal), (Fraccionamiento, y venta al por mayor de té y especias)",41
"Venta al por mayor de madera y productos de madera, excepto muebles",41
"FABRICACIÓN DE PRODUCTOS PLÁSTICOS EN FORMAS BÁSICAS Y ARTÍCULOS DE PLÁSTICO N.C.P., EXCEPTO MUEBLES",41
Elaboración de productos dietéticos.,41
Venta al por menor de instrumentos musicales,41
FABRICACIÓN DE CARPINTERÍA METÁLICA,41
VENTA AL POR MENOR DE ARTÍCULOS USADOS N.C.P. EXCEPTO AUTOMOTORES Y MOTOCICLETAS,41
"Venta al por mayor de artículos de plomería, electricidad, iluminación, calefacción, obras sanitarias y similares",40
Cosmetología,40
Venta al por mayor de papel y productos de papel y cartón,40
Servicios de emergencias y traslados,40
"Fabricación y reparación e instrumentos y aparatos de cirugía, medicina, odontología, ortopedia, sus partes y accesorios",40
Embotellamiento de aguas naturales y minerales,40
"VENTA AL POR MAYOR DE MÁQUINAS, EQUIPOS E IMPLEMENTOS DE USO MÉDICO Y PARAMÉDICO",40
ELABORACIÓN DE GALLETITAS Y BIZCOCHOS,40
Venta al por mayor de tabacos y cigarrillos,40
Distribución y venta al por mayor de pan y productos de panificación,40
SERVICIOS DE LIMPIEZA N.C.P.,39
Venta al por mayor de artículos de plástico,39
"Venta al por menor de antigüedades, objetos de arte, cuadros, marcos, filatelia y numismática",39
"Venta al por menor de equipo profesional, científico e instrumentos de medida y de control",39
Hipermercado,39
VIVEROS,38
"VENTA AL POR MAYOR DE PRENDAS Y ACCESORIOS DE VESTIR N.C.P., EXCEPTO UNIFORMES Y ROPA DE TRABAJO",38
"Fabricación de calzado de cuero, incluyendo el ortopédico",38
Venta al por mayor de juguetes y artículos de cotillón,38
SERVICIOS DE ALMACENAMIENTO Y DEPÓSITO EN CÁMARAS FRIGORÍFICAS,38
"FABRICACIÓN DE REPUESTOS, PIEZAS Y ACCESORIOS PARA VEHÍCULOS AUTOMOTORES",37
SERVICIOS DE PREPARACIÓN DE COMIDAS PARA EMPRESAS Y EVENTOS,37
ALQUILER DE PRENDAS DE VESTIR,37
"VENTA AL POR MAYOR DE EQUIPOS, PERIFÉRICOS, ACCESORIOS Y PROGRAMAS INFORMÁTICOS",37
Artículos usados o reacondicionados,37
"VENTA DE AUTOS, CAMIONETAS Y UTILITARIOS NUEVOS  ",36
"REPARACIONES ELÉCTRICAS DEL TABLERO E INSTRUMENTAL, REPARACIÓN Y RECARGA DE BATERÍAS, INSTALACIÓN DE ALARMAS, RADIOS, SISTEMAS DE CLIMATIZACIÓN",36
VENTA AL POR MAYOR DE BEBIDAS ALCOHÓLICAS N.C.P.,36
SERVICIOS DE PRODUCTORES  Y ASESORES DE SEGUROS,36
VENTA AL POR MAYOR DE ARTÍCULOS PARA LA CONSTRUCCIÓN N.C.P. ,36
SERVICIOS DE  CONSULTA MÉDICA,36
"VENTA AL POR MENOR DE PRODUCTOS VETERINARIOS, ANIMALES DOMÉSTICOS Y ALIMENTO BALANCEADO PARA MASCOTAS ",36
VENTA AL POR MENOR DE EQUIPOS Y ARTÍCULOS DEPORTIVOS,35
Servicios de internación,35
Elaboración de soda,34
Estudios fotográficos. Fotografía comercial,34
"Venta al por mayor de equipos y aparatos de radio, televisión, comunicaciones y sus componentes",34
Distribución y venta al por mayor de alimentos y suplementos dietarios.,34
Fabricación y reparación de máquinas y equipos n.c.p. (excepto la maquinaria eléctrica),34
VENTA AL POR MAYOR DE CARNES ROJAS Y DERIVADOS,33
"VENTA AL POR MENOR DE CRISTALES, ESPEJOS, MAMPARAS Y CERRAMIENTOS",33
"Instalación de gas, agua, sanitarios y equipos de climatización, con sus artefactos conexos",33
"ALQUILER DE MAQUINARIA Y EQUIPO N.C.P., SIN PERSONAL",33
SERVICIO DE CORREO POSTAL,33
ESTABLECIMIENTOS DE TATUAJES Y PIERCING,33
"REPARACIÓN DE AMORTIGUADORES,  ALINEACIÓN DE DIRECCIÓN Y BALANCEO DE RUEDAS",32
ENSEÑANZA DE IDIOMAS,32
"ACTIVIDADES PROFESIONALES, CIENTIFICAS Y TECNICAS N.C, P.",32
SERVICIOS DE DISEÑO ESPECIALIZADO,32
Mantenimiento y reparación de frenos de automotores,32
Empresas o personas dedicadas a la negociación de órdenes y tarjetas de compras y créditos (Artículo 246 del C.T.M.). Con un mínimo por persona que desarrolle actividad inherente al giro del establecimiento de $ 203,32
Construcciones n.c.p.,32
"VENTA AL POR MAYOR DE CHOCOLATES, GOLOSINAS Y PRODUCTOS PARA KIOSCOS Y POLIRRUBROS N.C.P., EXCEPTO CIGARRILLOS",32
"CONSTRUCCIÓN, REFORMA Y REPARACIÓN DE OBRAS DE INFRAESTRUCTURA PARA EL TRANSPORTE",31
Reparación de muebles de madera (carpintería de madera),31
LAVADO AUTOMÁTICO Y MANUAL DE VEHÍCULOS AUTOMOTORES,31
REPARACIÓN DE TAPIZADOS Y MUEBLES,31
"SERVICIOS DE CENTROS DE ESTETICA,SPA Y SIMILARES",31
SERVICIOS DE APOYO A LA EDUCACIÓN,31
VENTA AL POR MAYOR DE ARTÍCULOS DE BAZAR Y MENAJE EXCEPTO DE VIDRIO,31
"Venta al por mayor en comisión o consignación de frutas, hortalizas y verduras en el Mercado de Abasto",31
SERVICIOS DE JARDINERÍA Y MANTENIMIENTO DE ESPACIOS VERDES,31
REPARACIÓN DE RELOJES Y JOYAS. RELOJERÍAS,31
Alquiler de video películas y video juegos,30
VENTA AL POR MAYOR DE INSTRUMENTAL MÉDICO Y ODONTOLÓGICO Y ARTÍCULOS ORTOPÉDICOS,30
"Fabricación y reparación de maquinaria de oficina, cálculo, contabilidad, máquinas de escribir, cajas registradoras,",30
"VENTA AL POR MAYOR DE CAFÉ, TÉ, YERBA MATE Y OTRAS INFUSIONES Y ESPECIAS Y CONDIMENTOS",30
VENTA DE VEHÍCULOS AUTOMOTORES NUEVOS N.C.P.,30
PORTALES WEB,30
"VENTA AL POR MAYOR DE AVES, HUEVOS Y PRODUCTOS DE GRANJA Y DE LA CAZA N.C.P.",30
"Servicios brindados para terceros por call center, contact center, y atención al Cliente. Servicios brindados mediante tecnología perteneciente al área de comunicaciones. Se incluyen todos los servicios relacionados con el asesoramiento y auxilio técnico",30
VENTA AL POR MENOR DE CDS Y DVDS DE AUDIO Y VIDEO GRABADOS,30
Venta al por mayor en comisión o consignación de alimentos y bebidas no alcohólicas,29
"CONSTRUCCIÓN, REFORMA Y REPARACIÓN DE REDES DISTRIBUCIÓN DE ELECTRICIDAD, GAS, AGUA, TELECOMUNICACIONES Y DE OTROS SERVICIOS PÚBLICOS",29
REPARACIÓN DE EFECTOS PERSONALES Y ENSERES DOMÉSTICOS N.C.P.,29
"Venta al por mayor de hierros, aceros, metales no ferrosos y subproductos, excepto chatarra",29
"Fabricación en industrias básicas de productos de hierro y acero n.c.p. (Incluye alambre, cañerías, tuberías, )en general",29
"VENTA DE AUTOS, CAMIONETAS Y UTILITARIOS NUEVOS",29
Venta al por mayor de calzados (incluye zapatos y zapatillas),28
Venta al por mayor de artículos de marroquinería,28
"SERVICIOS INMOBILIARIOS REALIZADOS POR CUENTA PROPIA, CON BIENES RURALES PROPIOS O ARRENDADOS N.C.P.",28
"Combustibles derivados del Petróleo y Gas natural Comprimido, en Estaciones de Servicios y otras actividades reguladas por la Ordenanza Nº 9748/97 y sus modificatorias, localizadas en las zonas determinadas por el artículo 10° de dicha ordenanza",28
"VENTA AL POR MENOR DE ARMAS, ARTÍCULOS PARA LA CAZA Y PESCA",28
Venta al por menor de tejidos de punto,28
Venta al por mayor de muebles y accesorios excepto los metálicos,27
SERVICIOS DE TRATAMIENTO,27
"INSTALACIÓN Y REPARACIÓN DE PARABRISAS, LUNETAS Y VENTANILLAS, CERRADURAS NO ELÉCTRICAS Y GRABADO DE CRISTALES",27
VENTA AL POR MAYOR DE ARTÍCULOS DE PLÁSTICO,27
"REPARACIÓN Y PINTURA DE CARROCERÍAS, COLOCACIÓN Y REPARACIÓN DE GUARDABARROS Y PROTECCIONES EXTERIORES",27
"LAVADO Y LIMPIEZA DE ARTÍCULOS DE TELA, CUERO Y/O DE PIEL, INCLUSO LA LIMPIEZA EN SECO",27
Servicios odontológicos.,27
Venta al por mayor de productos lácteos (excepto quesos),27
"DE LAS CANCHAS DE TENIS, PADDLE TENIS, SQUASH, FRONTÓN, PELOTA A PALETA, FUTBOL 5,9,11, FUTBOL DE SALÓN, BASQUET Y OTRAS. CON ESCUELAS Y/O DE ALQUILER",26
SERVICIOS RELACIONADOS CON LA CONSTRUCCIÓN.,26
Venta al por mayor de productos farmacéuticos y veterinarios,26
ENSEÑANZA ESPECIAL Y PARA DISCAPACITADOS,26
Venta al por menor de textos usados,26
"INSTALACIÓN, EJECUCIÓN Y MANTENIMIENTO DE INSTALACIONES ELÉCTRICAS, ELECTROMECÁNICAS Y ELECTRÓNICAS N.C.P.",26
"Operaciones de préstamos que se efectúan a  Empresas Comerciales, Industriales, Agropecuarias o Servicios que no sean los otorgados por las entidades involucradas en los apartados anteriores. Con un mínimo por persona que desarrolle actividad inherente al",26
"FABRICACIÓN DE MUEBLES Y PARTES DE MUEBLES, PRINCIPALMENTE DE MADERA",26
SERVICIOS DE SEGUROS PATRIMONIALES EXCEPTO LOS DE LAS ASEGURADORAS DE RIESGO DE TRABAJO (ART),25
Venta al por mayor en comisión o consignación de madera y materiales para la construcción,25
SERVICIOS DE GESTIÓN Y LOGÍSTICA PARA EL TRANSPORTE DE MERCADERÍAS N.C.P.,25
Venta al por menor de tapices y alfombras,25
"Galvanoplastia, esmaltado, y otros procesos similares en metales, incluyendo pulvimetalurgia, incluye estampado, prensado, forjado y laminado de metales",25
"IMPRESIÓN N.C.P., EXCEPTO DE DIARIOS Y REVISTAS",24
REPARACIÓN Y MANTENIMIENTO DE EQUIPOS INFORMÁTICOS,24
SERVICIOS DE FOTOGRAFÍA,24
Venta al por mayor de cámaras y cubiertas,24
EMBOTELLADO DE AGUAS NATURALES Y MINERALES,24
Venta al por menor de herrajes en general,24
VENTA AL POR MAYOR DE ARTÍCULOS DE ILUMINACIÓN,24
VENTA EN COMISION AL POR MENOR DE COMBUSTIBLE PARA VEHÍCULOS AUTOMOTORES Y MOTOCICLETAS,24
Servicio de mantenimiento de espacios verdes. Parquización.,24
Venta al por menor de armas y artículos de cuchillería. Armería. Cuchillería. Venta al por menor de artículos de caza y pesca,23
VENTA AL POR MAYOR DE PRODUCTOS LÁCTEOS,23
Fabricación de estructuras metálicas para la construcción,23
SERVICIO DE TRANSPORTE AUTOMOTOR DE CARGAS N.C.P,23
Venta de cospeles al por menor. Por la comisión,23
SERVICIOS DE PRÁCTICAS DE DIAGNÓSTICO EN LABORATORIOS,23
SERVICIOS ODONTOLÓGICOS.,23
TRATAMIENTO Y REVESTIMIENTO DE METALES Y TRABAJOS DE METALES EN GENERAL,23
"Venta al por mayor de aceites y grasas comestibles, vinagres",23
"Fabricación y reparación de equipo profesional y científico, e instrumentos de medida y control no clasificados en otra parte",22
VENTA AL POR MAYOR DE ACEITES Y GRASAS,22
"VENTA AL POR MAYOR DE FRUTAS, LEGUMBRES Y CEREALES SECOS Y EN CONSERVA",22
REPARACIÓN Y MANTENIMIENTO DE MÁQUINAS Y EQUIPO N.C.P.,22
Fabricación y reparación de equipos de computación.,22
Alquiler y arrendamiento de maquinaria y equipo para la construcción y la industria (sin personal),22
FABRICACIÓN DE PRODUCTOS METÁLICOS PARA USO ESTRUCTURAL,22
Obras de ingeniería civil n.c.p.,22
Servicio de tapicería (excluido p/automotores),22
MANTENIMIENTO Y REPARACIÓN DE FRENOS Y EMBRAGUES,22
Alquiler de automóviles sin chofer,22
Fabricación de aparatos y suministros eléctricos no clasificados en otra parte (incluye accesorios eléctricos),22
"VENTA AL POR MAYOR DE MÁQUINAS, EQUIPO Y MATERIALES CONEXOS N.C.P.",21
FABRICACIÓN DE EQUIPO MÉDICO Y QUIRÚRGICO Y DE APARATOS ORTOPÉDICOS N.C.P.,21
"VENTA AL POR MENOR DE PARTES, PIEZAS Y ACCESORIOS USADOS N.C.P.",21
REPARACIÓN DE CALZADO Y ARTÍCULOS DE MARROQUINERÍA,21
"Servicios de hospital de día. (Incluye las actividades de tratamiento que no necesitan hospitalización a tiempo completo, tales como tratamientos oncológicos; infectológicos; dialíticos; atención de la salud mental; atención pediátrica; atención gerontoló",21
"SERVICIOS DE ALOJAMIENTO EN HOTELES, HOSTERÍAS Y RESIDENCIALES SIMILARES, EXCEPTO POR HORA, QUE INCLUYEN SERVICIO DE RESTAURANTE AL PÚBLICO",21
SERVICIOS DE ENTIDADES DE TARJETA DE COMPRA Y/O CRÉDITO,21
VENTA AL POR MENOR DE EQUIPOS  Y ARTÍCULOS DEPORTIVOS ,21
"SERVICIOS DE ORGANIZACIÓN DE CONVENCIONES Y EXPOSICIONES COMERCIALES, EXCEPTO CULTURALES Y DEPORTIVOS",21
SERVICIOS DE PROVEEDORES DE ATENCIÓN MÉDICA DOMICILIARIA,20
"INSTALACIONES DE GAS, AGUA, SANITARIOS Y DE CLIMATIZACIÓN, CON SUS ARTEFACTOS CONEXOS",20
Venta por menor de  motocicletas nuevas y usadas en consignación,20
Venta al por mayor de legumbres y cereales,20
"Hotel categoría 1 estrella. Con un mínimo por cada habitación de $ 14,30",20
"Venta, distribución y fraccionamiento al por mayor de productos dietéticos.",20
MANTENIMIENTO Y REPARACIÓN DE MOTOCICLETAS,20
OBRAS SOCIALES,19
SERVICIOS DE CALL CENTER ,19
Estudio fotográfico. Laboratorio,19
VENTA AL POR MAYOR DE PAPEL Y PRODUCTOS DE PAPEL Y CARTÓN EXCEPTO ENVASES,19
Fabricación de envases de plástico,19
Fabricación de productos químicos n.c.p. (Incluye aceites esenciales),19
"Emisión u organización de rifas, bonos, cupones, billetes o similares",18
VENTA AL POR MAYOR DE ALIMENTOS BALANCEADOS PARA ANIMALES,18
Compra y Venta de títulos y Casas de Cambio. Con un mínimo por empleado de $ 203,18
VENTA AL POR MAYOR DE ARTÍCULOS DE LIBRERÍA Y PAPELERÍA,18
ALQUILER DE AUTOMÓVILES SIN CONDUCTOR,18
"Hotel categoría 2 estrellas. Con un mínimo por cada habitación de $ 17,75",18
SERVICIOS DE ARQUITECTURA E INGENIERÍA Y SERVICIOS CONEXOS DE ASESORAMIENTO TÉCNICO N.C.P.,18
SERVICIO DE DISEÑO ESPECIALIZADO,18
Elaboración artesanal de helados,18
VENTA AL POR MENOR EN HIPERMERCADOS,18
Fábrica de textiles en general,17
Servicio de Web Hosting,17
"Alquiler de vajilla, mobiliario y elemento de fiesta",17
VENTA AL POR MAYOR DE SEMILLAS Y GRANOS PARA FORRAJES,17
Venta de pañales por mayor,17
"Venta al por mayor de artículos de tapicería, tapices y alfombras",17
VENTA DE ROPA Y ACCESORIOS EN LA MODALIDAD DE FERIA,17
"Fabricación de productos de madera, de corcho, caña y mimbre no clasificados en otra parte",17
"Instalaciones para edificios y obras de ingeniería civil n.c.p. (incluye aislamiento término, acústico, antivibratorio, )",17
"Venta al por mayor de equipos e implementos de uso en los sectores agropecuario, jardinería, silvicultura, pesca y caza",17
FABRICACIÓN DE SODAS,17
VENTA AL POR MAYOR DE EQUIPOS DE TELEFONÍA Y COMUNICACIONES,17
SERVICIOS DE ORGANIZACIONES EMPRESARIALES Y DE EMPLEADORES,17
Correo electrónico - Provisión de Servicios de internet                                                                                                                                                            Con un mínimo mensual por abonado o conectad,17
REPARACIÓN Y MANTENIMIENTO DE MAQUINARIA DE USO GENERAL,16
Venta al por menor de plaguicidas,16
"VENTA AL POR MAYOR EN COMISIÓN O CONSIGNACIÓN DE ALIMENTOS, BEBIDAS Y TABACO N.C.P.",16
SERVICIOS DE MENSAJERÍAS,16
VENTA AL POR MAYOR EN COMISIÓN O CONSIGNACIÓN DE MERCADERÍAS N.C.P.,16
VENTA AL POR MENOR DE DIARIOS Y REVISTAS,16
SERVICIOS COMPLEMENTARIOS DE APOYO TURÍSTICO N.C.P.,16
"SERVICIOS DE ORGANIZACION, DIRECCION Y GESTION DE PRACTICAS DEPORTIVAS EN CLUBES",16
SERVICIOS DE SEGUROS DE SALUD,16
Receptoría de lavandería tintorería,16
Transporte urbano de cargas n.c.p. (incluye fletes),16
Venta y distribución al por mayor de otros productos y subproductos ganaderos y agrícolas,16
Lavado y limpieza de lana. Lavadero,16
"FABRICACIÓN DE CALZADO DE CUERO, EXCEPTO CALZADO DEPORTIVO Y ORTOPÉDICO",16
CONSTRUCCIÓN DE OBRAS DE INGENIERÍA CIVIL N.C.P.,16
Venta al por mayor de tejidos,16
"Fabricación de calzado de tela y otros materiales (excluido de caucho vulcanizado o moldeado, de madera o de plásticos)",16
"Fabricación de puertas, ventanas y estructuras de madera para la construcción. Carpintería de obras",16
VENTA AL POR MAYOR DE CIGARRILLOS Y PRODUCTOS DE TABACO,16
"Bar con música, sin espectáculo público, instalado dentro del perímetro y tramos establecidos por el Artículo 142° de la presente.-",16
VENTA AL POR MAYOR DE MÁQUINAS - HERRAMIENTA DE USO GENERAL,15
Fraccionamiento y distribuidores al por mayor de gas licuado (incluye envasado de garrafas),15
ESCUELA DE YOGA TERAPIA,15
"Laminación y estirado. Laminadoras. Cortes, doblado y plegado de chapas /o aceros",15
"Fabricación de perfumes, cosméticos y otros productos de higiene y tocador",15
VENTA AL POR MENOR DE ARTÍCULOS DE ÓPTICA Y ORTOPEDIA,15
RECTIFICACIÓN DE MOTORES,15
Fabricación de productos de caucho n.c.p.,15
Fabricación de artículos confeccionados con materiales textiles. n.c.p. (excepto prendas de vestir),15
"Alojamiento temporario de departamentos y casas con servicios y appart-hotel, por unidad, departamento y casa. Con un mínimo por cada uno de $ 47,50",15
"VENTA AL POR MAYOR DE ARTÍCULOS PARA PLOMERÍA, INSTALACIÓN DE GAS Y CALEFACCIÓN",15
"Elaboración de caramelos, golosinas y otros productos de confiterías n.c.p.",15
Distribución y venta al por mayor de productos y subproductos de molinería,15
"SERVICIOS DE MUTUALES, EXCEPTO MUTUALES DE SALUD Y FINANCIERAS",15
"Servicio de organización integral de eventos y servicios conexos propios (catering, propalación, )",15
VENTA AL POR MAYOR EN COMISIÓN O CONSIGNACIÓN DE  MERCADERÍAS N.C.P.,14
Alquiler de computadoras y sus equipos y máquinas de oficina cálculo y contabilidad,14
VENTA AL POR MAYOR DE ELECTRODOMÉSTICOS Y ARTEFACTOS PARA EL HOGAR EXCEPTO EQUIPOS DE AUDIO Y VIDEO,14
"IMPRESIÓN N.C.P., EXCEPTO DE DIARIOS Y REVISTAS     ",14
Venta al por mayor de chatarra,14
REPARACIÓN Y MANTENIMIENTO DE MAQUINARIA DE USO ESPECIAL N.C.P.,14
VENTA AL POR MAYOR DE UNIFORMES Y ROPA DE TRABAJO,14
"Fabricación de preparados para la limpieza, pulido y saneamiento",14
Tintorería,14
SERVICIO DE MENSAJERÍA Y CADETERÍA,14
ENSAYOS Y ANÁLISIS TÉCNICOS,14
"VENTA AL POR MAYOR DE MANTELERÍA, ROPA DE CAMA Y ARTÍCULOS TEXTILES PARA EL HOGAR",14
VENTA AL POR MAYOR DE PRODUCTOS Y SUBPRODUCTOS DE MOLINERÍA N.C.P.,14
"VENTA AL POR MENOR DE LIBROS, REVISTAS Y SIMILARES USADOS",14
Fraccionamiento y venta al por mayor de azúcar,14
Fábrica de bolsas de polietileno,14
VENTA AL POR MAYOR DE AZÚCAR,14
Escuela para discapacitados mentales y físicos,14
ACTIVIDADES DE CRÉDITO PARA FINANCIAR OTRAS ACTIVIDADES ECONÓMICAS,13
"VENTA AL POR MAYOR DE PRODUCTOS INTERMEDIOS N.C.P., DESPERDICIOS Y DESECHOS METÁLICOS",13
SERVICIOS DE INTERNACIÓN EXCEPTO INSTITUCIONES RELACIONADAS CON LA SALUD MENTAL,13
SERVICIOS DE ALQUILER DE CONSULTORIOS MÉDICOS,13
"Transporte de valores, documentación y similares",13
"Movimiento de suelos y preparación de terrenos para obras n.c.p. (Incluye el drenaje, remoción de rocas, excavación de zanjas para servicios públicos, alcantarillado urbano y para construcciones diversas, movimientos de tierras para hacer terraplenes o de",13
"SERVICIOS DE ATENCIÓN MÉDICA EN DISPENSARIOS, SALITAS, VACUNATORIOS Y OTROS LOCALES DE ATENCIÓN PRIMARIA DE LA SALUD",13
VENTA AL POR MAYOR DE BEBIDAS ESPIRITOSAS,13
VENTA AL POR MAYOR DE PRODUCTOS DE MADERA EXCEPTO MUEBLES,13
SERVICIOS DE CONSULTORES EN TECNOLOGÍA DE LA INFORMACIÓN,13
Fábrica industrial de helados,13
FABRICACIÓN DE ENVASES PLÁSTICOS,13
"Hostería categoría 2 y 1 estrellas. Con un mínimo por cada habitación de $ 14,50.-",13
"VENTA AL POR MENOR DE MADERAS Y ARTÍCULOS DE MADERA Y CORCHO, EXCEPTO MUEBLES",12
"VENTA AL POR MAYOR DE PARTES, PIEZAS Y ACCESORIOS DE VEHÍCULOS AUTOMOTORES",12
Venta al por mayor de mantelería y ropa de cama,12
Fabricación y reparación de máquinas y aparatos industriales eléctricos no clasificados en otra parte,12
Venta al por mayor de vidrios planos y templados,12
"Venta al por mayor  de joyas, relojes y artículos conexos",12
Venta por mayor de semillas,12
Venta al por menor de productos de caucho n.c.p.,12
"Tostado, torrado y molienda de café",12
Supermercado una superficie total superior a 2.001 m2,12
SERVICIOS DE LOCUTORIOS,12
"VENTA AL POR MAYOR DE ARTÍCULOS DE RELOJERÍA, JOYERÍA Y FANTASÍAS",12
"Fabricación de pinturas, barnices, lacas, esmaltes y productos similares y conexos (excepto tintas)",12
"Hotel categoría 3 estrellas. Con un mínimo por cada habitación de $ 22,75",12
"Compañías Financieras, Caja de Créditos, Sociedades de Crédito para consumo comprendidas en la Ley de Entidades Financieras y autorizadas por el Banco Central de la República Argentina. Con un mínimo por persona que desarrolle actividad inherente al giro",12
VENTA AL POR MENOR DE COMBUSTIBLE n.c.p COMPRENDIDOS EN LEY 23966 PARA VEHÍCULOS AUTOMOTORES Y MOTOCICLETAS EXCEPTO LA REALIZADA POR REFINERIAS,12
"Fabricación y reparación de maquinaria y equipo para trabajar los metales, incluyendo máquinas herramienta y máquinas para metalurgia",12
"VENTA AL POR MAYOR DE MUEBLES EXCEPTO DE OFICINA, ARTÍCULOS DE MIMBRE Y CORCHO, COLCHONES Y SOMIERES",12
Venta al por mayor de prendas de vestir de cuero (excepto calzado),12
VENTA AL POR MAYOR DE ENVASES DE PAPEL Y CARTÓN,12
Venta al por mayor de artículos para deportes y camping,12
VENTA AL POR MAYOR DE METALES Y MINERALES METALÍFEROS,12
VENTA AL POR MAYOR DE TEJIDOS (TELAS),12
Venta al por mayor de bicicletas y rodados similares,12
Elaboración de alimentos de cereales,12
FABRICACIÓN DE APARATOS DE DISTRIBUCIÓN Y CONTROL DE LA ENERGÍA ELÉCTRICA,11
SERVICIOS DE ADMINISTRACIÓN DE CONSORCIOS DE EDIFICIOS,11
"Venta al por mayor de artículos de mercería, medias y artículos de punto",11
Venta al por mayor de vinos sin fraccionamiento,11
Costurera con superficie menor a 100 m2,11
SERVICIOS DE COMERCIALIZACION DE TIEMPO Y ESPACIO PUBLICITARIO,11
Venta de materiales de rezago y chatarra,11
FABRICACIÓN DE EQUIPOS Y PRODUCTOS INFORMÁTICOS,11
"Operaciones de préstamos y demás operaciones detalladas en el artículo 269 bis) incisos 1, 2 y 3, efectuadas por asociaciones profesionales, Entidades Mutuales, gremiales o sindicales.",11
Aseguradora de riesgo de trabajo (A.R.T.),11
"Publicidad realizada por medio de carteles, pantallas y paneles luminosos, iluminados, electrónicos, mecánicos y similares. Con una superficie de mas de 25 metros cuadrados por cartel. La cantidad de metros a declarar en este subrubro, se refiere a la sum",11
"VENTA AL POR MAYOR DE COMBUSTIBLES, LUBRICANTES, LEÑA Y CARBÓN, EXCEPTO GAS LICUADO Y COMBUSTIBLES Y LUBRICANTES PARA AUTOMOTORES",11
Venta al por mayor en comisión o consignación de bebidas alcohólicas,11
Elaboración de alimentos preparados para animales,11
"Venta al por mayor de aberturas (puertas, ventanas, armazones)",11
"Acabado de textiles (incluye blanqueo, teñido y estampado)",11
INSTALACIÓN Y REPARACIÓN DE CAÑOS DE ESCAPE Y RADIADORES,11
"Pintura, empapelado y trabajos de decoración",11
OPERACIONES DE INTERMEDIACIÓN DE CARNE EXCEPTO CONSIGNATARIO DIRECTO,11
"EDICIÓN DE LIBROS, FOLLETOS, Y OTRAS PUBLICACIONES",11
"Venta al por mayor de artículos y objetos de barro, loza y porcelana",11
"SERVICIOS DE CONTABILIDIDAD, AUDITORÍA Y ASESORÍA FISCAL",11
Reparación de muebles metálicos (carpintería),11
VENTA AL POR MAYOR DE COMBUSTIBLES N.C.P  Y LUBRICANTES PARA AUTOMOTORES,11
VENTA AL POR MAYOR DE PESCADO,11
"SERVICIOS DE ASESORAMIENTO, DIRECCIÓN Y GESTIÓN EMPRESARIAL REALIZADOS POR INTEGRANTES DE LOS ÓRGANOS DE ADMINISTRACIÓN Y/O FISCALIZACIÓN EN SOCIEDADES ANÓNIMAS",11
"INSTALACIONES DE CARPINTERÍA, HERRERÍA DE OBRA Y ARTÍSTICA",11
Escuela de conductores,11
Fabricación de premoldeados para la construcción (incluye viviendas premoldeadas),11
Fabricación y reparación de accesorios de máquinas y equipos n.c.p. (excepto los eléctricos),11
"Matanza, preparación, elaboración y conservación de carnes de aves",10
VENTA POR MAYOR DE MEDICAMENTOS Y ACCESORIOS PARA ANIMALES,10
Venta al por mayor en comisión o consignación de productos medicinales,10
Venta al por mayor de aparatos fotográficos e instrumentos de óptica,10
REPARACIÓN Y MANTENIMIENTO DE MAQUINARIA Y APARATOS ELÉCTRICOS,10
SERVICIOS DE LIMPIEZA DE PRENDAS PRESTADO POR TINTORERÍAS RÁPIDAS,10
Fabricación de partes o accesorios del calzado,10
VENTA AL POR MAYOR DE PRODUCTOS VETERINARIOS,10
SERVICIOS AUXILIARES A LA INTERMEDIACIÓN FINANCIERA N.C.P.,10
VENTA AL POR MAYOR DE CALZADO EXCEPTO EL ORTOPÉDICO,10
SERVICIOS DE SISTEMAS DE SEGURIDAD,10
Fabricación de artículos de papel y cartón n.c.p.,10
"REPARACIÓN DE AUTOMOTORES Y MOTOCICLETAS (MOTORES Y MECÁNICA INTEGRAL; INCLUIDOS CARBURADOR, RADIADOR,  Y SERVICIO DE AUXILIO Y REMOLQUE DE AUTOMOTORES). INCLUYE INSTALACIÓN DE EQUIPOS DE G.N.C.",10
VENTA AL POR MAYOR DE COMPONENTES ELECTRÓNICOS,10
"Fabricación y reparación de motores eléctricos, transformadores y generadores",10
SERVICIOS DE PRÁCTICAS DE DIAGNÓSTICO POR IMÁGENES,10
VENTA AL POR MAYOR DE JUGUETES,10
ALQUILER DE EFECTOS PERSONALES Y ENSERES DOMÉSTICOS N.C.P.,10
SERVICIOS DE HOSPEDAJE TEMPORAL N.C.P.,10
"Construcción o reparación de calles, puentes, aeropuertos, centrales hidroeléctricas y/u obras pesadas similares",10
VENTA AL POR MAYOR DE ARTÍCULOS DE MERCERÍA,10
"SERVICIOS DE ASESORAMIENTO, DIRECCIÓN Y GESTIÓN EMPRESARIAL REALIZADOS POR INTEGRANTES DE CUERPOS DE DIRECCIÓN EN SOCIEDADES EXCEPTO LAS ANÓNIMAS",10
SERVICIOS DE SEGUROS DE VIDA,10
"Colocación de carpintería y herrería de obra, vidrios y cerramientos",10
"CONFECCIÓN DE ROPA DE TRABAJO, UNIFORMES Y GUARDAPOLVOS",10
Fabricación y reparación de maquinaria y equipo para uso vial,10
Fabricación de pastas secas,10
SERVICIOS DE SINDICATOS,10
Distribución y venta al por mayor de productos de caucho,10
SERVICIOS DE TELEFONÍA MÓVIL,10
Servicios de guardería de animales (excepto caballerizas y studs),10
Fabricación de artefactos eléctricos para la iluminación,10
"Publicidad realizada por medio de carteles, pantallas y paneles luminosos, iluminados, electrónicos, mecánicos y similares. Con una superficie de 2,01 hasta 10 metros cuadrados por cartel. La cantidad de metros a declarar en este subrubro, se refiere a la",9
"Servicio de transporte automotor urbano y suburbano no regular de pasajeros de oferta libre, excepto mediante taxis y remises, alquiler de autos con chofer y transporte escolar",9
INDUSTRIAS MANUFACTURERAS N.C.P.,9
"FABRICACIÓN DE PRODUCTOS DE MADERA N.C.P, FABRICACIÓN DE ARTÍCULOS DE PAJA Y MATERIALES TRENZABLES",9
Edición de libros y publicaciones. Editoriales con talleres propios,9
SERVICIOS DE PROVEEDORES DE ACCESO A INTERNET,9
Cama solar,9
Fabricación de productos minerales no metálicos n.c.p.,9
Venta al por mayor de pescados y productos marinos,9
TERMINACIÓN Y REVESTIMIENTO DE PAREDES Y PISOS,9
VENTA AL POR MAYOR DE COMBUSTIBLES N.C.P Y LUBRICANTES PARA AUTOMOTORES,9
VENTA AL POR MAYOR DE ARTÍCULOS DE USO DOMÉSTICO O PERSONAL N.C.P,9
Venta al por mayor en comisión o consignación de productos textiles,9
"Venta al por mayor de fibras, hilados e hilos",9
OBTENCIÓN Y DOTACIÓN DE PERSONAL,9
Venta al por mayor de automotores nuevos y  usados,9
"Fabricación y reparación de bombas, compresores y maquinaria o equipos similares",9
"Publicidad realizada por medio de carteles, pantallas y paneles luminosos, iluminados, electrónicos, mecánicos y similares. Con una superficie de hasta 2 metros cuadrados por cartel. La cantidad de metros a declarar en este subrubro, se refiere a la sumat",9
SERVICIOS DE TELECOMUNICACIONES N.C.P.,9
"Terminación de edificios y obras de ingeniería civil n.c.p. (Incluye trabajos de ornamentación, limpieza exterior de edificios con vapor, chorro de arena u otros métodos)",9
Colocación de pisos y revestimientos n.c.p. (incluye plastificado de pisos),9
"VENTA AL POR MAYOR DE MÁQUINAS, EQUIPOS E IMPLEMENTOS DE USO ESPECIAL N.C.P.",9
FABRICACIÓN DE MEDICAMENTOS (LABORATORIOS),9
Venta al por menor de sustancias químicas industriales,9
VENTA AL POR MAYOR DE VINO,9
VENTA AL POR MAYOR DE MUEBLES E INSTALACIONES PARA OFICINAS,9
Despachante de aduana y balanceadores,9
Fabricación y reparación de maquinaria agropecuaria y forestal (excepto tractores),9
"ALQUILER DE MAQUINARIA Y EQUIPO DE CONSTRUCCIÓN E INGENIERÍA CIVIL, SIN OPERARIOS",9
"REPARACIÓN Y MANTENIMIENTO DE INSTRUMENTOS MÉDICOS,ÓPTICOS Y DE PRECISIÓN,EQUIPO FOTOGRÁFICO,APARATOS PARA MEDIR,ENSAYAR O NAVEGAR,RELOJES,EXCEPTO PARA USO PERSONAL O DOMÉSTICO",9
Reparación y mantenimiento de ascensores,9
Servicio de transporte automotor de cargas n.c.p.,9
Sex shop (conforme a la tipificación que fije el DEM),9
"Elaboración, envasado y conservación de frutas, legumbres y hortalizas n.c.p. (Incluye la elaboración de sémola de hortalizas y legumbres)",9
"FABRICACIÓN DE INSTRUMENTOS Y APARATOS PARA MEDIR, VERIFICAR, ENSAYAR, NAVEGAR Y OTROS FINES, EXCEPTO EL EQUIPO DE CONTROL DE PROCESOS INDUSTRIALES",9
FABRICACIÓN DE PRODUCTOS TEXTILES N.C.P.,9
Compra y venta de oro,9
Escuela de natación,9
"VENTA AL POR MAYOR DE PRODUCTOS INTERMEDIOS N.C.P., DESPERDICIOS Y DESECHOS DE PAPEL Y CARTÓN",9
"Hormigonado, hincado de pilotes, cimentación y otros trabajos de hormigón armado",9
ELABORACIÓN INDUSTRIAL DE HELADOS,9
"Servicios de transmisión de sonido, imágenes, datos u otra información",9
Fabricación y armado de bicicletas y rodados similares,8
"VENTA AL POR MAYOR DE ARTÍCULOS DE LOZA, CERÁMICA Y PORCELANA DE USO EN CONSTRUCCIÓN",8
SERVICIOS COMPLEMENTARIOS PARA EL TRANSPORTE TERRESTRE N.C.P.,8
Venta al por mayor de textos nuevos,8
SERVICIOS RELACIONADOS CON LA ELECTRÓNICA Y LAS COMUNICACIONES,8
CRIADERO DE POLLOS PARA CONSUMO (CARNE Y HUEVOS),8
Fabricación de productos de caucho destinados a la industria automotor (excepto cámaras y cubiertas),8
Montajes industriales,8
VENTA AL POR MAYOR DE PINTURAS Y PRODUCTOS CONEXOS,8
"VENTA AL POR MAYOR DE ABONOS, FERTILIZANTES Y PLAGUICIDAS",8
SERVICIO DE TRANSPORTE AUTOMOTOR URBANO DE CARGA N.C.P.,8
ACTIVIDADES ESPECIALIZADAS DE CONSTRUCCIÓN N.C.P.,8
"Venta al por mayor en comisión o consignación de energía eléctrica, gas y combustibles",8
Fabricación y reparación de equipos de distribución y transmisión de electricidad,8
PROCESAMIENTO DE DATOS,8
FRACCIONAMIENTO Y DISTRIBUCIÓN DE GAS LICUADO,8
Venta al por mayor de tarjetas magnéticas de telefonía,8
FABRICACIÓN DE PRENDAS DE VESTIR Y ARTÍCULOS SIMILARES DE PUNTO,8
SERVICIOS DE TURISMO AVENTURA,8
"RECOLECCIÓN, TRANSPORTE, TRATAMIENTO Y DISPOSICIÓN FINAL DE RESIDUOS NO PELIGROSOS ",8
"Fabricación de productos de cuero y sucedáneos de cuero (excepto calzado y prendas vestir). Incluye maletas, bolsos de mano y similares, artículos de talabartería y de cuero n.c.p.",8
"Fabricación de motocicletas, vehículos similares y sus partes, incluyendo el motor",8
"Hotel categoría 4 estrellas. Con un mínimo por cada habitación de $ 32,75.-",8
"TOSTADO, TORRADO Y MOLIENDA DE CAFÉ",8
SERVICIOS DE TELECOMUNICACIÓN VÍA INTERNET N.C.P.,8
Tapizado y retapizado de automotores,8
"FABRICACIÓN DE MOTORES, GENERADORES Y TRANSFORMADORES ELÉCTRICOS",8
VENTA AL POR MAYOR DE BEBIDAS ESPIRITUOSAS,8
Fabricación de artículos de lona y sucedáneos de lona,8
ELABORACIÓN DE ALIMENTOS PREPARADOS PARA ANIMALES,8
SERVICIOS BURSÁTILES DE MEDIACIÓN O POR CUENTA DE TERCEROS,8
FABRICACIÓN DE EQUIPO MÉDICO Y QUIRÚRGICO Y DE APARATOS ORTOPÉDICOS PRINCIPALMENTE ELECTRÓNICOS Y/O ELÉCTRICOS,8
SERVICIOS DE CONSULTORES EN EQUIPO DE INFORMÁTICA,8
Venta al por mayor de artículos de cristal y vidrio,7
SERVICIOS DE MENSAJERÍAS.,7
FABRICACIÓN DE ARTÍCULOS DE PAPEL Y CARTÓN N.C.P.,7
FABRICACIÓN DE MEDICAMENTOS DE USO HUMANO Y PRODUCTOS FARMACÉUTICOS,7
VENTA AL POR MAYOR DE MÁQUINAS Y EQUIPO DE CONTROL Y SEGURIDAD,7
EDICIÓN N.C.P.,7
SERVICIOS DE ORGANIZACIONES PROFESIONALES,7
"Elaboración, envasado y conservación de frutas y legumbres",7
Fabricación de acumuladores y pilas eléctricas,7
"VENTA AL POR MAYOR EN COMISIÓN O CONSIGNACIÓN DE MAQUINARIA, EQUIPO PROFESIONAL INDUSTRIAL Y COMERCIAL, EMBARCACIONES Y AERONAVES",7
"Elaboración de bebidas no alcohólicas (incluye bebidas refrescantes, gaseosas, , excepto jugos o jarabes para diluir)",7
"CORTE, TALLADO Y ACABADO DE LA PIEDRA",7
Venta al por mayor de abonos y plaguicidas,7
"Venta al por mayor en comisión o consignación de máquinas, equipos y aparatos de uso doméstico, incluidos los electrónicos",7
"VENTA AL POR MAYOR DE MÁQUINAS, EQUIPOS E IMPLEMENTOS DE USO EN LOS SECTORES AGROPECUARIO, JARDINERÍA, SILVICULTURA, PESCA Y CAZA",7
REASEGUROS,7
Fabricación de artículos de vidrio y cristal excepto espejos y vitrales,7
SERVICIOS DE EMERGENCIAS Y TRASLADOS,7
"FABRICACIÓN DE ARTÍCULOS CONFECCIONADOS DE MATERIALES TEXTILES N.C.P., EXCEPTO PRENDAS DE VESTIR",7
"FORJADO, PRENSADO, ESTAMPADO Y LAMINADO DE METALES, PULVIMETALURGIA",7
"VENTA AL POR MAYOR DE EQUIPOS DE AUDIO, VIDEO Y TELEVISIÓN",7
SERVICIOS RELACIONADOS CON LA IMPRESIÓN      ,7
"Elaboración de cacao, chocolate, bombones y otros productos similares a base de cacao",7
"Frigoríficos, matanza de ganado, preparación y conservación de sus carnes",7
Alquiler y arrendamiento de máquinas para salones de entretenimientos,7
"Fabricación de productos de piedra, mármol y granito (incluye corte y tallado)",7
"ALQUILER DE MAQUINARIA Y EQUIPO DE OFICINA, INCLUSO COMPUTADORAS",7
Refinación y fraccionamiento de azúcar,7
"Elaboración de concentrados: café, te",7
ACTIVIDADES ESPECIALIZADAS DE CONSTRUCCIÓN N.C.P. ,7
ELABORACIÓN DE BEBIDAS NO ALCOHÓLICAS N.C.P.,7
FABRICACIÓN DE PRODUCTOS QUÍMICOS N.C.P.,7
SERVICIOS DE ALMACENAMIENTO Y DEPÓSITO EN SILOS,7
"VENTA AL POR MENOR DE MADERAS Y ARTÍCULOS DE MADERA  Y CORCHO, EXCEPTO MUEBLES",7
SERVICIOS DE GESTIÓN DE FONDOS A CAMBIO DE UNA RETRIBUCIÓN O POR CONTRATA,7
"RECOLECCIÓN, TRANSPORTE, TRATAMIENTO Y DISPOSICIÓN FINAL DE RESIDUOS NO PELIGROSOS",7
Servicios de atención domiciliaria programada. (Incluye las actividades llevadas a cabo en establecimientos que ofrecen atención por módulos a domicilio y actividades de agentes sanitarios relacionados con la prevención y educación para la salud).,7
VENTA AL POR MENOR DE OBRAS DE ARTE,7
"Instalación de ascensores, montacargas, escaleras mecánicas,",6
SERVICIOS SOCIALES SIN ALOJAMIENTO,6
CONFECCIÓN DE PRENDAS DEPORTIVAS,6
"FABRICACIÓN DE COSMÉTICOS, PERFUMES Y PRODUCTOS DE HIGIENE Y TOCADOR",6
Alquiler de equipo de construcción o demolición,6
"VENTA AL POR MENOR DE ORO, MONEDAS, SELLOS Y SIMILARES",6
VENTA AL POR MENOR DE ANTIGÜEDADES,6
Impresión de diarios y revistas,6
VENTA AL POR MAYOR DE CRISTALES Y ESPEJOS,6
FABRICACIÓN DE MAQUINARIA Y EQUIPO DE ELEVACIÓN Y MANIPULACIÓN,6
VENTA AL POR MAYOR EN COMISIÓN O CONSIGNACIÓN DE PRODUCTOS PECUARIOS N.C.P.,6
ENSEÑANZA TERCIARIA,6
SERVICIOS RELACIONADOS CON LA IMPRESIÓN,6
SERVICIOS AUXILIARES A LOS SERVICIOS DE SEGUROS N.C.P.,6
Venta al por menor de lanchas y embarcaciones deportivas,6
Venta por mayor de cereales,6
ENSEÑANZA SECUNDARIA DE FORMACIÓN GENERAL,6
FUNDICIÓN DE METALES NO FERROSOS,6
Elaboración de aceites y grasas vegetales y subproductos,6
"INSTALACIONES DE ASCENSORES, MONTACARGAS Y ESCALERAS MECÁNICAS",6
FABRICACIÓN DE LÁMPARAS ELÉCTRICAS Y EQUIPO DE ILUMINACIÓN,6
ACABADO DE PRODUCTOS TEXTILES,6
COLOCACIÓN DE CRISTALES EN OBRA,6
"Fraccionamiento, distribución y venta al por mayor de encurtidos",6
FABRICACIÓN DE MÁQUINAS HERRAMIENTA,6
"Fraccionamiento, distribución y venta al por mayor de aditivos y lubricantes",6
ARRENDAMIENTO Y GESTIÓN DE BIENES INTANGIBLES NO FINANCIEROS,6
"SERVICIOS DE ATENCIÓN A PERSONAS CON PROBLEMAS DE SALUD MENTAL O DE ADICCIONES, CON ALOJAMIENTO",6
"Venta al por mayor de papeles para pared, revestimiento para pisos de goma, plástico y textiles, y artículos similares para la decoración",6
"fabricación de cerraduras, llaves, herrajes y otros artículos de ferretería incluyendo clavos y bulones",6
"CONSTRUCCIÓN, REFORMA Y REPARACIÓN DE OBRAS HIDRÁULICAS",6
"Fraccionamiento, distribución y venta por mayor de alcoholes",6
SERVICIOS DE ASEGURADORAS DE RIESGO DE TRABAJO (ART),6
"Elaboración y envasado de dulces, mermeladas y jaleas",6
"VENTA AL POR MAYOR DE MUEBLES E INSTALACIONES PARA LA INDUSTRIA, EL COMERCIO Y LOS SERVICIOS N.C.P.",6
VENTA AL POR MAYOR DE ARTÍCULOS DE ÓPTICA Y DE FOTOGRAFÍA,6
"Fabricación y reparación de maquinaria para la elaboración y envases de productos alimenticios, bebidas y tabaco",6
VENTA AL POR MAYOR DE MATERIAS PRIMAS AGRÍCOLAS Y DE LA SILVICULTURA N.C.P.,6
Fabricación de cortinas. Cortinerías,6
"Hostería categoría 3 estrellas. Con un mínimo por cada habitación de $ 17,75",6
Compra Venta de Bienes Inmuebles,6
ACTIVIDADES CONEXAS AL PROCESAMIENTO Y HOSPEDAJE DE DATOS N.C.P.,6
SERVICIOS DE CASAS Y AGENCIAS DE CAMBIO,6
ELABORACIÓN DE HORMIGÓN,6
FABRICACIÓN DE ARTÍCULOS DE LONA Y SUCEDÁNEOS DE LONA,6
Fabricación de jabones y detergentes,6
EMISIÓN Y RETRANSMISIÓN DE RADIO,6
RECUPERACIÓN DE MATERIALES Y DESECHOS METÁLICOS,6
"FABRICACIÓN DE MUEBLES Y PARTES DE MUEBLES, EXCEPTO LOS QUE SON PRINCIPALMENTE DE MADERA (METAL, PLÁSTICO, ETC.)",6
FABRICACIÓN DE PRODUCTOS MINERALES NO METÁLICOS N.C.P.,6
VENTA AL POR MENOR DE COMBUSTIBLE n.c.p COMPRENDIDOS EN LEY 23966  PARA VEHÍCULOS AUTOMOTORES Y MOTOCICLETAS EXCEPTO LA REALIZADA POR REFINERIAS,6
Mecánico dental,6
MOVIMIENTO DE SUELOS Y PREPARACIÓN DE TERRENOS PARA OBRAS,5
POMPAS FUNEBRES Y SERVICIOS CONEXOS,5
Elaboración de aceites y grasas animales no comestibles,5
Fabricación de envases de cartón,5
INVESTIGACIÓN  Y DESARROLLO EXPERIMENTAL EN EL CAMPO DE LAS CIENCIAS MÉDICAS,5
Desarmaderos de autos y venta al por menor de sus partes. Repuestos y accesorios usados,5
FABRICACIÓN  DE EQUIPO ELÉCTRICO N.C.P.,5
Transporte interurbano de pasajeros,5
Fabricación y reparación de acondicionadores de aire,5
"Publicidad realizada por medio de carteles, pantallas y paneles luminosos, iluminados, electrónicos, mecánicos y similares. Con una superficie de 10,01 hasta 25 metros cuadrados por cartel. La cantidad de metros a declarar en éste subrubro, se refiere a l",5
Fundición de metales no ferrosos,5
FABRICACIÓN DE PRODUCTOS DE LABORATORIO Y PRODUCTOS BOTÁNICOS DE USO FARMACEÚTICO N.C.P.,5
VENTA AL POR MAYOR DE BICICLETAS Y RODADOS SIMILARES,5
Producción de películas cinematográficas y de televisión,5
"Construcción y reparación de embarcaciones, incluye buques, yates, veleros, botes,  Astilleros",5
Elaboración y molienda de yerba mate (incluye concentrados),5
SERVICIO COMBINADO DE APOYO A EDIFICIOS,5
Editoriales sin imprenta,5
"VENTA AL POR MAYOR EN COMISIÓN O CONSIGNACIÓN DE PROD. TEXTILES, PRENDAS DE VESTIR, CALZADO EXCEPTO EL ORTOPÉDICO, ART.DE MARROQUINERÍA, PARAGUAS Y SIMILARES Y PROD.DE CUERO N.C.P",5
"ENSEÑANZA INICIAL, JARDÍN DE INFANTES Y PRIMARIA",5
Distribución y venta al por mayor de carbón y sus derivados,5
"Fabricación de envases, recipientes y embalajes de madera (barriles, tambores, caja)",5
"Fabricación y armado de carrocerías para automóviles, camiones y otros vehículos para transporte de carga y pasajeros (incluye casas rodantes)",5
Aserraderos. Preparación y conservación de maderas (excepto las terciadas y conglomeradas),5
"ELABORACIÓN Y ENVASADO DE DULCES, MERMELADAS Y JALEAS",5
Reciclamiento de desperdicios y desechos metálicos,5
Fabricación y reparación de maquinaria y equipo para la construcción,5
ALQUILER DE VIDEOS Y VIDEO JUEGOS,5
Venta al por mayor de motocicletas nuevas y usadas,5
FABRICACIÓN DE MAQUINARIA Y EQUIPO DE USO GENERAL N.C.P.,5
ALQUILER DE EQUIPO DE CONSTRUCCIÓN O DEMOLICIÓN DOTADO DE OPERARIOS,5
"FABRICACIÓN DE PREPARADOS PARA LIMPIEZA, PULIDO Y SANEAMIENTO",5
TERMINACIÓN DE EDIFICIOS N.C.P.,5
Reparaciones y afinaciones de instrumentos musicales,5
FABRICACIÓN DE EQUIPO ELÉCTRICO N.C.P.,5
"REPARACIÓN Y MANTENIMIENTO DE PRODUCTOS DE METAL, EXCEPTO MAQUINARIA Y EQUIPO",5
SERVICIOS DE GESTIÓN DE DEPÓSITOS FISCALES,5
Confección de prenda de vestir de cuero y sucedáneos,5
ELABORACIÓN Y MOLIENDA DE HIERBAS AROMÁTICAS Y  ESPECIAS,5
SERVICIO DE TRANSPORTE AUTOMOTOR DE MERCADERÍAS Y SUSTANCIAS PELIGROSAS,5
Fabricación de materiales plásticos,5
ENSEÑANZA UNIVERSITARIA EXCEPTO FORMACION DE POSGRADO,5
"VENTA AL POR MAYOR DE LANAS, CUEROS EN BRUTO Y PRODUCTOS AFINES",5
"VENTA AL POR MAYOR DE MÁQUINAS, EQUIPOS E IMPLEMENTOS DE USO EN LA ELABORACIÓN DE ALIMENTOS, BEBIDAS Y TABACO",5
Fabricación y reparación de tractores,5
Fabricación de viviendas prefabricadas de madera,5
Venta al por menor de artículos para publicidad,5
EMISORA Y/O PRODUCTORA DE RADIO,5
INSTALACION DE MAQUINARIA Y EQUIPOS INDUSTRIALES,5
Transporte de pasajeros de larga distancia,5
"FABRICACIÓN DE CERRADURAS, HERRAJES Y ARTÍCULOS DE FERRETERÍA N.C.P.",5
"VENTA AL POR MAYOR DE CEREALES (INCLUYE ARROZ), OLEAGINOSAS Y FORRAJERAS EXCEPTO SEMILLAS",4
"INSTALACIONES DE ASCENSORES, MONTACARGAS Y  ESCALERAS MECÁNICAS",4
FABRICACIÓN DE EQUIPAMIENTO E INSTRUMENTOS ÓPTICOS Y SUS ACCESORIOS,4
INSTALACIONES PARA EDIFICIOS Y OBRAS DE INGENIERÍA CIVIL N.C.P.,4
"SERVICIOS DE ""FAST FOOD"" Y LOCALES DE VENTA DE COMIDAS Y BEBIDAS AL PASO",4
"Fabricación y reparación de ascensores, escaleras mecánicas, montacargas",4
Venta al por mayor de productos textiles n.c.p.,4
"Molienda de cereales (excepto trigo), legumbres, otras preparaciones y moliendas n.c.p.",4
Fabricación de vidrios planos y templados,4
Edición n.c.p.,4
"Fabricación de colchones, sommiers, almohadones y almohadas",4
VENTA AL POR MAYOR EN SUPERMERCADOS MAYORISTAS DE ALIMENTOS,4
"FABRICACIÓN DE CALZADO DE MATERIALES N.C.P., EXCEPTO CALZADO DEPORTIVO Y ORTOPÉDICO",4
Fabricación y reparación de máquinas y equipos de refrigeración,4
PINTURA Y TRABAJOS DE DECORACIÓN,4
"Venta al por mayor de combustibles y lubricantes, excepto para automotores y gas en garrafas",4
FABRICACIÓN DE BOMBAS,4
Obras Sociales por Servicios relacionados con la salud humana - Afiliados dentro de marco legal obligatorio,4
VENTA AL POR MAYOR DE ARTÍCULOS DE ESPARCIMIENTO Y DEPORTES,4
FABRICACIÓN DE MAQUINARIA PARA LA EXPLOTACIÓN DE MINAS Y CANTERAS Y PARA OBRAS DE CONSTRUCCIÓN,4
"Elaboración artesanal de alimentos sin local de atención, sin empleados",4
Excavación y Demolición de edificios y sus partes,4
"PREPARACIÓN DE CONSERVAS DE FRUTAS, HORTALIZAS Y LEGUMBRES",4
"ESTUDIO DE MERCADO, REALIZACIÓN DE ENCUESTAS DE OPINIÓN PÚBLICA",4
Elaboración de bebidas n.c.p.,4
CONFECCIÓN DE PRENDAS DE VESTIR PARA BEBÉS Y NIÑOS,4
SERVICIOS DE BANCA MAYORISTA,4
"Editorial de diarios, periódicos y revistas",4
ELABORACIÓN DE PASTAS ALIMENTARIAS SECAS,4
"FABRICACIÓN DE CARTELES, SEÑALES E INDICADORES -ELÉCTRICOS O NO-",4
"Elaboración de extractos, jarabes y concentrados",4
FABRICACIÓN DE HIELO NATURAL Y JUGOS ENVASADOS PARA DILUIR,4
Fabricación de aparatos y accesorios eléctricos de uso doméstico no clasificados en otra parte,4
Universidad privada,4
"ELABORACIÓN DE EXTRACTOS, JARABES Y CONCENTRADOS",4
SERVICIOS DE OPERADORES LOGÍSTICOS N.C.P.,4
Reciclamiento de desperdicios y desechos no metálicos,4
SERVICIO DE TRANSPORTE AUTOMOTOR DE MERCADERÍAS A GRANEL N.C.P.,4
Escuela de enseñanza privada pre-primaria,4
Fabricación de ladrillos y bloques,4
ELABORACIÓN DE ALIMENTOS A BASE DE CEREALES,4
Venta al por menor de herboristería en medianas y grandes superficie,4
Fabricación y armado de letreros y anuncios publicitarios,4
Venta al por mayor en comisión o consignación de tabaco,4
Fabricación de envases de papel,4
SERVICIOS DE INTERNACIÓN EN INSTITUCIONES RELACIONADAS CON LA SALUD MENTAL,4
VENTA AL POR MAYOR DE MEDIAS Y PRENDAS DE PUNTO,4
"SERVICIOS DE GERENCIAMIENTO DE EMPRESAS E INSTITUCIONES DE SALUD, SERVICIOS DE AUDITORIA Y MEDICINA LEGAL, SERVICIO DE ASESORAMIENTO FARMACÉUTICO",4
ELABORACIÓN DE ACEITES Y GRASAS VEGETALES REFINADOS,4
FABRICACIÓN DE  MAQUINARIA Y EQUIPO DE USO GENERAL N.C.P.,4
ENSEÑANZA DE CURSOS RELACIONADOS CON INFORMÁTICA,4
Fabricación de joyas y artículos conexos,4
"Fabricación de mosaicos, baldosas, revestimientos de paredes y pisos (excluidos los cerámicos y plásticos)",4
Servicios relacionados con espectáculos teatrales - por honorarios y comisiones,4
Fabricación y armado de vehículos automotores,4
VENTA AL POR MENOR DE MUEBLES USADOS,4
FABRICACIÓN  DE PRODUCTOS DE CAUCHO N.C.P.,4
Escuela de enseñanza privada. Primaria (EGB),4
"Fabricación de productos lácteos no clasificados en otra parte. (Incluye cremas, yogures, mantecas)",4
VENTA AL POR MAYOR DE ARTÍCULOS PARA LA CONSTRUCCIÓN N.C.P.,4
Fabricación de abonos y fertilizantes (incluye los biológicos),4
"Bar con música, sin espectáculo público, instalado fuera del perímetro y tramos establecidos por el Artículo 142° de la presente.-",4
FABRICACIÓN DE PRODUCTOS DE CAUCHO N.C.P.,4
Venta al por mayor de muebles de metal y sus accesorios,4
"Fabricación de colas, adhesivos, aprestos y cemento (excepto los odontológicos) obtenidos de sustancias minerales y vegetales",3
FABRICACIÓN DE PREMOLDEADAS PARA LA CONSTRUCCIÓN,3
Producción de metales no ferrosos n.c.p. y sus semielaborados,3
Fabricación de productos diversos derivados del petróleo y del carbón excepto la refinación de petróleo,3
"ENSEÑANZA PARA ADULTOS, EXCEPTO DISCAPACITADOS",3
Fabricación de tejidos de alambre,3
"FABRICACIÓN DE MAQUINARIA Y EQUIPO DE OFICINA, EXCEPTO EQUIPO INFORMÁTICO",3
"FABRICACIÓN DE ACUMULADORES, PILAS Y BATERÍAS PRIMARIAS",3
FABRICACIÓN DE PRODUCTOS DE VIDRIO N.C.P.,3
FABRICACIÓN DE PARTES DE CALZADO,3
VENTA AL POR MAYOR DE TAPICES Y ALFOMBRAS DE MATERIALES TEXTILES,3
VENTA AL POR MAYOR DE SUELAS Y AFINES,3
Molienda de trigo,3
Obras Sociales por Servicios relacionados con la salud humana - Afiliados Adherentes.,3
SERVICIOS DE MANIPULACIÓN DE CARGA EN EL ÁMBITO TERRESTRE,3
"HINCADO DE PILOTES, CIMENTACIÓN Y OTROS TRABAJOS DE HORMIGÓN ARMADO",3
"VENTA AL POR MAYOR DE PAPELES PARA PARED, REVESTIMIENTO PARA PISOS DE GOMA, PLÁSTICO Y TEXTILES,  Y ARTÍCULOS SIMILARES PARA LA DECORACIÓN",3
MOLIENDA DE TRIGO,3
SERVICIOS GEOLÓGICOS Y DE PROSPECCIÓN,3
VENTA AL POR MAYOR EN COMISIÓN O CONSIGNACIÓN DE SEMILLAS,3
SERVICIOS DE ALOJAMIENTO EN PENSIONES,3
Fabricación de plaguicidas (incluye los biológicos),3
"POR CADA ESPACIO DESTINADO A GARAGES, PLAYAS DE ESTACIONAMIENTO, GUARDACOCHES, UBICADOS DENTRO DEL PERÍMETRO COMPRENDIDO POR LAS CALLES: FIGUEROA ALCORTA, MARCELO T. DE ALVEAR, AV. PUEYRREDÓN, MANUEL ESTRADA, AV. POETA LUGONES, BV PERÓN, SARMIENTO, HUMBER",3
FABRICACIÓN DE COMPONENTES ELECTRÓNICOS,3
FABRICACIÓN DE MEDICAMENTOS DE USO VETERINARIO,3
"Elaboración, envasado y conservación de jugos de frutas naturales o artificiales",3
SERVICIOS DE COOPERATIVAS CUANDO REALIZAN VARIAS ACTIVIDADES,3
"INSTALACIÓN DE SISTEMAS DE ILUMINACIÓN, CONTROL Y SEÑALIZACIÓN ELÉCTRICA PARA EL TRANSPORTE",3
"ELABORACIÓN DE FRUTAS, HORTALIZAS Y LEGUMBRES CONGELADAS",3
Distribución por mayor de diarios y revistas,3
ASERRADO Y CEPILLADO DE MADERA IMPLANTADA,3
FABRICACIÓN DE APARATOS DE USO DOMÉSTICO N.C.P.,3
Servicio de recolección y transporte de residuos no convencionales (patógenos - industriales - peligrosos - restos de obras y demoliciones),3
Colocación de cubiertas asfálticas y techos,3
SERVICIOS DE TRANSPORTE DE CAUDALES Y OBJETOS DE VALOR,3
Elaboración de especies,3
"VENTA AL POR MAYOR DE MÁQUINAS, EQUIPOS E IMPLEMENTOS DE USO EN IMPRENTAS, ARTES GRÁFICAS Y ACTIVIDADES CONEXAS",3
Empresa de pompas fúnebres (servicios por abono),3
"Venta al por mayor de lanas, cueros y frutos del país",3
VENTA AL POR MAYOR EN COMISIÓN O CONSIGNACIÓN DE COMBUSTIBLES,3
Venta al por mayor de sustancias químicas industriales y materias primas para la elaboración de plásticos,3
"Fabricación de envases metálicos, incluyendo bronce, latón, aluminio, hojalata",3
Enseñanza privada (únicamente planes oficiales),3
"Procesadores de papas (peladero, lavadero, incluyendo elaboración de puré, harina y escamas)",3
"Fabricación y reparación de básculas, balanzas y dinamómetros, excepto los científicos para uso de laboratorio",3
FABRICACIÓN DE ABERTURAS Y ESTRUCTURAS DE MADERA PARA LA CONSTRUCCIÓN,3
INVESTIGACIÓN Y DESARROLLO EXPERIMENTAL EN EL CAMPO DE LAS CIENCIAS MÉDICAS,3
Fabricación y reparación de grúas y equipamiento de transporte mecánico,3
RECUPERACIÓN DE MATERIALES Y DESECHOS NO METÁLICOS,3
Empresa de pompas fúnebres (cochería servicios fúnebres),3
ELABORACIÓN DE CACAO Y CHOCOLATE,3
SERVICIOS DE CALL CENTER,3
Fabricación de tanques y depósitos metálicos,3
Escuela de enseñanza privada. Terciaria,3
Producción de huevos,3
"FABRICACIÓN DE PINTURAS, BARNICES Y PRODUCTOS DE REVESTIMIENTO SIMILARES, TINTAS DE IMPRENTA Y MASILLAS",3
"VENTA AL POR MAYOR DE ARTÍCULOS DE MARROQUINERÍA,  PARAGUAS Y PRODUCTOS SIMILARES N.C.P.",3
"DESTILACIÓN, RECTIFICACIÓN Y MEZCLA DE BEBIDAS ESPIRITOSAS",3
"FABRICACIÓN DE FRAZADAS, MANTAS, PONCHOS, COLCHAS, COBERTORES, ETC.",3
Elaboración de jugos envasados para diluir,3
FABRICACIÓN DE MAQUINARIA METALÚRGICA,3
RECAUCHUTADO Y RENOVACIÓN DE CUBIERTAS,3
"FABRICACIÓN DE MAQUINARIA PARA LA ELABORACIÓN DE ALIMENTOS, BEBIDAS Y TABACO",3
Fabricación de artículos de cemento y fibrocemento (excepto ladrillos),3
"VENTA AL POR MAYOR DE ARTÍCULOS DE MARROQUINERÍA, PARAGUAS Y PRODUCTOS SIMILARES N.C.P.",3
DISTRIBUCIÓN DE ENERGÍA ELÉCTRICA,3
Elaboración de té,3
FABRICACIÓN DE MAQUINARIA Y EQUIPO DE USO AGROPECUARIO Y FORESTAL,3
Escuela de enseñanza privada. Secundaria (Polimodal),3
Fabricación de artículos de madera en tornerías,3
"Fabricación de heladeras, freezers, lavarropas y secarropas",3
Revoque y enyesado de paredes y cielorrasos,3
Fabricación de materias químicas inorgánicas básicas n.c.p.,3
VENTA AL POR MAYOR EN COMISIÓN O CONSIGNACIÓN DE MADERA Y MATERIALES PARA LA CONSTRUCCIÓN,3
"Fabricación de lápices, lapiceras, bolígrafos, plumas estilográficas y artículos similares para oficina",3
Servicios profesionales relacionados con la agronomía (sociedad de profesionales),3
Venta y distribución por mayor en comisión o consignación de productos y subproductos ganaderos y agrícolas n.c.p.,3
Producción y distribución de gases no clasificados en otra parte,3
"Perforación y sondeo (excepto perforación de pozos de petróleo, de gas, de minas e hidráulicos y prospección de yacimientos de petróleo).",3
Fabricación de equipos y aparatos de comunicaciones,3
"VENTA AL POR MAYOR DE PRODUCTOS INTERMEDIOS, DESPERDICIOS Y DESECHOS N.C.P.",3
FABRICACIÓN DE CALZADO DEPORTIVO,3
FABRICACIÓN DE RECIPIENTES DE MADERA,3
"Fabricación y reparación de maquinaria y equipo para la industria minera, petrolera y canteras",3
SERVICIOS DE CALL CENTER N.C.P.,3
FABRICACIÓN DE JABONES Y DETERGENTES,3
"ELABORACIÓN DE BEBIDAS GASEOSAS, EXCEPTO SODA",3
Fabricación de lámparas y tubos eléctricos,2
"VENTA AL POR MAYOR EN COMISIÓN O CONSIGNACIÓN DE  MAQUINARIA, EQUIPO PROFESIONAL INDUSTRIAL Y COMERCIAL, EMBARCACIONES Y AERONAVES",2
FABRICACIÓN Y ELABORACIÓN DE VIDRIO PLANO,2
SERVICIOS DE ALOJAMIENTO POR HORA,2
FABRICACIÓN DE MAQUINARIA Y EQUIPO DE USO ESPECIAL N.C.P.,2
VENTA AL POR MAYOR DE ABERTURAS,2
SERVICIOS DE GESTIÓN ADUANERA REALIZADOS POR DESPACHANTES DE ADUANA,2
"Motel categoría 1 y 2 estrellas. Con un mínimo por cada habitación de $ 35,75.-",2
VENTA AL POR MAYOR DE LIBROS Y PUBLICACIONES,2
"VENTA AL POR MAYOR DE MÁQUINAS, EQUIPOS E IMPLEMENTOS DE USO EN LA INDUSTRIA DEL PLÁSTICO Y DEL CAUCHO",2
SERVICIOS DE CONTRATISTAS DE MANO DE OBRA AGRÍCOLA,2
SERVICIOS DE AGENTES DE MERCADO ABIERTO PUROS,2
FABRICACIÓN DE ACEITES Y GRASAS DE ORIGEN ANIMAL,2
Perforación de pozo negro,2
ASERRADO Y CEPILLADO DE MADERA NATIVA,2
"FABRICACIÓN DE COJINETES, ENGRANAJES, TRENES DE ENGRANAJE Y PIEZAS DE TRANSMISIÓN",2
Fabricación de Transmisores de Radio y Televisión y aparatos de telefonía y telegrafía con hilos,2
"Fundición en hornos y acerías. Producción de lingotes, planchas o barras",2
"VENTA AL POR MAYOR DE FRUTAS, LEGUMBRES Y CEREALES",2
Fabricación de remolques y semirremolques,2
VENTA AL POR MAYOR DE ARTÍCULOS DE VIDRIO,2
"Venta al por mayor en comisión o consignación de papel, cartón, libros, revistas, diarios, materiales de embalaje y artículos de librería",2
"Fabricación y reparación de cocinas, calefones, estufas y calefactores de uso doméstico, no eléctricos",2
Venta y distribución por mayor en comisión o consignación de cereales,2
"Elaboración de pescados de mar, crustáceos y otros productos marinos envasado y conservación",2
VENTA POR MAYOR DE BOLSAS Y/O PRODUCTOS DE POLIETILENO,2
Fabricación de accesorios de vestir excepto de cuero,2
FABRICACIÓN DE GASES INDUSTRIALES Y MEDICINALES COMPRIMIDOS O LICUADOS,2
"VENTA AL POR MAYOR DE PRODUCTOS INTERMEDIOS, DESPERDICIOS Y DESECHOS DE VIDRIO, CAUCHO, GOMA Y QUÍMICOS N.C.P.",2
Servicio de recolección y transporte de residuos convencionales (domiciliarios - orgánicos e inorgánicos reciclables - generados por actividad comercial o industrial que no deriven de procesos productivos),2
FABRICACIÓN DE BOLSAS DE MATERIALES TEXTILES PARA PRODUCTOS A GRANEL,2
Servicios agropecuarios no clasificados en otra parte,2
FABRICACIÓN DE ARTÍCULOS DE PAPEL Y CARTÓN DE USO DOMÉSTICO E HIGIÉNICO SANITARIO,2
FABRICACIÓN DE EQUIPOS DE COMUNICACIONES Y TRANSMISORES DE RADIO Y TELEVISIÓN,2
VENTA AL POR MAYOR DE INSUMOS AGROPECUARIOS DIVERSOS,2
FABRICACIÓN DE EQUIPO DE CONTROL DE PROCESOS INDUSTRIALES,2
"Transporte privado n.c.p. (excepto taxis, remis, transporte escolar, alquiler de auto)",2
ELABORACIÓN DE AZÚCAR,2
"Venta al por mayor en comisión o consignación de maquinaria, equipo profesional industrial y comercial, embarcaciones y aeronaves",2
REPARACIÓN Y MANTENIMIENTO DE MAQUINARIA Y EQUIPO DE USO AGROPECUARIO Y FORESTAL,2
FABRICACIÓN DE PRODUCTOS PRIMARIOS DE METALES PRECIOSOS Y METALES NO FERROSOS N.C.P. Y SUS SEMIELABORADOS,2
FABRICACIÓN DE VEHÍCULOS AUTOMOTORES,2
"ELABORACIÓN DE HORTALIZAS Y LEGUMBRES DESHIDRATADAS O DESECADAS, PREPARACIÓN N.C.P. DE HORTALIZAS Y LEGUMBRES",2
"Fabricación de maderas terciadas, enchapadas o conglomeradas, tableros o paneles",2
FABRICACIÓN DE ACCESORIOS DE VESTIR EXCEPTO DE CUERO,2
Salas velatorias,2
"Alquiler de equipo de transporte para vía acuática, sin operarios ni tripulación",2
OPERADORES DE TELEVISIÓN POR SUSCRIPCIÓN.,2
FABRICACIÓN  DE EQUIPOS DE COMUNICACIONES Y TRANSMISORES DE RADIO Y TELEVISIÓN,2
SERVICIO DE TRANSPORTE AUTOMOTOR INTERURBANO NO REGULAR DE PASAJEROS,2
"Fabricación de objetos de barro, loza, porcelana y cerámica n.c.p. (excepto refractarios, ladrillos y revestimientos para pisos y paredes)",2
Cámaras frigoríficas y lugares destinados a la conservación de pieles.,2
Fabricación y armado de relojes (incluye Fabricación de piezas y cajas para relojes y mecanismos similares),2
FABRICACIÓN EN INDUSTRIAS BÁSICAS DE PRODUCTOS DE HIERRO Y ACERO N.C.P.,2
SERVICIOS DE INFORMÁTICA N.C.P.,2
SERVICIOS DE ALQUILER  DE CONSULTORIOS MÉDICOS,2
"PREPARACIÓN Y MOLIENDA DE LEGUMBRES Y CEREALES N.C.P., EXCEPTO TRIGO Y ARROZ Y MOLIENDA HÚMEDA DE MAÍZ",2
Fabricación y reparación de máquinas de coser y tejer,2
FORMACIÓN DE POSGRADO,2
FABRICACIÓN DE JUEGOS Y JUGUETES,2
SERVICIOS INDUSTRIALES PARA LA INDUSTRIA CONFECCIONISTA,2
MATANZA DE GANADO EXCEPTO EL BOVINO Y PROCESAMIENTO DE SU CARNE,2
"FABRICACIÓN DE ESCOBAS, CEPILLOS Y PINCELES",2
"Fabricación de herramientas manuales y sus accesorios (para uso general, plomería, albañilería, , incluyendo las de campo y jardín)",2
Fabricación de espejos y vitrales,2
SERVICIO DE TRANSPORTE AUTOMOTOR TURISTICO DE PASAJEROS,2
FABRICACIÓN DE TEJIDOS DE ALAMBRE,2
SERVICIOS DE INFORMACIÓN N.C.P.,2
"Colocación y pulido de pisos y revestimientos de mosaicos, mármol, cerámicos y similares",2
"VENTA AL POR MAYOR EN COMISIÓN O CONSIGNACIÓN DE MINERALES, METALES Y PRODUCTOS QUÍMICOS INDUSTRIALES",2
FABRICACIÓN DE  AUTOPARTES DE CAUCHO EXCEPTO CÁMARAS Y CUBIERTAS,2
"DEPÓSITOS , ALMACENAMIENTO Y VENTA  DE  PIROTECNIA, PÓLVORA, ARMAMENTO, EXPLOSIVOS",2
"SERVICIO DE TRANSPORTE AUTOMOTOR INTERURBANO Y SUBURBANO REGULAR DE PASAJEROS, EXCEPTO TRANSPORTE INTERNACIONAL",2
ELABORACIÓN Y MOLIENDA DE HIERBAS AROMÁTICAS Y ESPECIAS,2
Servicios de agencias de venta de entradas,2
FABRICACIÓN DE ABONOS Y COMPUESTOS DE NITRÓGENO,2
"FABRICACIÓN DE COSMÉTICOS, PERFUMES Y  PRODUCTOS DE HIGIENE Y TOCADOR",2
VENTA AL POR MAYOR EN COMISIÓN O CONSIGNACIÓN DE PRODUCTOS AGRÍCOLAS N.C.P.,2
"Holding de inversión, actividades de participación, renta y venta de acciones o titulos valores.",2
ELABORACIÓN DE PRODUCTOS LÁCTEOS N.C.P.,2
FABRICACIÓN DE MEDICAMENTOS PARA USO VETERINARIO,2
Fabricación de cigarrillos,2
CULTIVO DE HORTALIZAS DE HOJA Y DE OTRAS HORTALIZAS FRESCAS,2
SERVICIOS DE ATENCIÓN A PERSONAS MINUSVÁLIDAS CON ALOJAMIENTO,2
Fabricación de instrumentos de óptica,2
Venta al por mayor de pieles y cueros,2
Fabricación de hielo natural y jugos envasados para diluir,2
PRODUCCIÓN DE HUEVOS,2
SERVICIOS DE INTERMEDIACIÓN FINANCIERA REALIZADA POR LAS COMPAÑÍAS FINANCIERAS,2
"Fabricación de cepillos, pinceles y escobas",2
"Hotel categoría 5 estrellas. Con un mínimo por cada habitación de $42,75.-",2
"FABRICACIÓN DE MALETAS, BOLSOS DE MANO Y SIMILARES, ARTÍCULOS DE TALABARTERÍA Y ARTÍCULOS DE CUERO N.C.P.",2
"Fabricación de juguetes, juegos y calzados plásticos",2
"FABRICACIÓN DE INSECTICIDAS, PLAGUICIDAS Y PRODUCTOS QUÍMICOS DE USO AGROPECUARIO",2
Fabricación de otros productos de tabaco,2
CULTIVO DE PLANTAS ORNAMENTALES,2
Distribución y venta al por mayor de petróleo y sus derivados (excepto combustibles),2
"VENTA AL POR MAYOR EN COMISIÓN O CONSIGNACIÓN DE PAPEL, CARTÓN, LIBROS, REVISTAS, DIARIOS, MATERIALES DE EMBALAJE Y ARTÍCULOS DE LIBRERÍA",2
FABRICACIÓN DE PAPEL ONDULADO Y ENVASES DE PAPEL,2
Fabricación de revestimientos cerámicos para pisos y paredes,2
Fabricación de objetos de platería y enchapados,2
VENTA AL POR MAYOR DE PRODUCTOS TEXTILES N.C.P,2
"ELABORACIÓN DE JUGOS NATURALES Y SUS CONCENTRADOS, DE FRUTAS, HORTALIZAS Y LEGUMBRES",2
Fabricación de ropa para cama y mantelería,1
ALQUILER DE EQUIPO DE TRANSPORTE N.C.P. SIN CONDUCTOR NI OPERARIOS,1
VENTA AL POR MAYOR DE EQUIPO PROFESIONAL Y CIENTÍFICO E INSTRUMENTOS DE MEDIDA Y DE CONTROL N.C.P.,1
ELABORACIÓN DE MARGARINAS Y GRASAS VEGETALES COMESTIBLES SIMILARES,1
SERVICIOS DE APOYO PECUARIOS N.C.P.,1
SERVICIOS DE CAJAS DE PREVISIÓN SOCIAL PERTENECIENTES A ASOCIACIONES PROFESIONALES,1
Fabricación y reparación de maquinaria y equipo para la industria del papel y las artes gráficas,1
SERVICIO DE TRANSPORTE AEREO DE PASAJEROS ,1
"EXPLOTACIÓN DE CRIADEROS DE PECES, GRANJAS PISCÍCOLAS Y OTROS FRUTOS ACUÁTICOS (ACUICULTURA)",1
FABRICACIÓN DE ROPA DE CAMA Y MANTELERÍA,1
"LAMINACIÓN Y ESTIRADO. PRODUCCIÓN DE LINGOTES, PLANCHAS O BARRAS FABRICADAS POR OPERADORES INDEPENDIENTES",1
Fabricación de material de transporte no clasificado en otra parte,1
"Fabricación de materias químicas orgánicas básicas n.c.p. (Incluye la fabricación de alcoholes excepto el etílico, sustancias químicas para elaboración de sustancias plásticas, )",1
"ELABORACIÓN DE CERVEZA, BEBIDAS MALTEADAS Y MALTA",1
Fabricación de lentes y artículos oftálmicos,1
HOSPEDAJE DE DATOS,1
"Fabricación de artefactos sanitarios de barro, loza, porcelana y cerámica",1
SERVICIOS DE CONSORCIOS DE EDIFICIOS,1
FABRICACIÓN DE MATERIAS PLÁSTICAS EN FORMAS PRIMARIAS N.C.P.,1
"EDICIÓN DE PERIÓDICOS, REVISTAS Y PUBLICACIONES PERIÓDICAS",1
SERVICIO DE TRANSPORTE POR CAMIÓN CISTERNA,1
"SERVICIOS DE TELEFONÍA FIJA, EXCEPTO LOCUTORIOS",1
"Fabricación de objetos de barro, loza, porcelana y cerámica para uso doméstico (excepto artefactos sanitarios)",1
IMPRESIÓN DE DIARIOS Y REVISTAS,1
INVESTIGACIÓN Y DESARROLLO EXPERIMENTAL EN EL CAMPO DE LA INGENIERÍA Y LA TECNOLOGÍA,1
FABRICACIÓN DE PAPEL Y CARTÓN EXCEPTO ENVASES,1
"VENTA AL POR MAYOR DE PRODUCTOS INTERMEDIOS N.C.P., DESPERDICIOS Y DESECHOS TEXTILES",1
Fabricación de accesorios para muebles,1
"VENTA AL POR MAYOR DE MÁQUINAS, EQUIPOS E IMPLEMENTOS DE USO EN LA FABRICACIÓN DE TEXTILES, PRENDAS Y ACCESORIOS DE VESTIR, CALZADO, ARTÍCULOS DE CUERO Y MARROQUINERÍA",1
"Transporte aéreo, de pasajeros y cargas",1
SERVICIOS FORESTALES EXCEPTO LOS SERVICIOS PARA LA EXTRACCIÓN DE MADERA,1
SERVICIOS DE EVALUACIÓN DE RIESGOS Y DAÑOS,1
"Elaboración, pasteurización y homogeneización de leche (incluida la condensada y en polvo)",1
SERVICIOS GENERALES DE LA ADMINISTRACIÓN PÚBLICA,1
"SERVICIOS DE DEPURACIÓN DE AGUAS RESIDUALES, ALCANTARILLADO Y CLOACAS",1
"MATANZA DE ANIMALES N.C.P. Y PROCESAMIENTO DE SU CARNE, ELABORACIÓN DE SUBPRODUCTOS CÁRNICOS N.C.P.",1
Confección de impermeables y pilotos,1
FABRICACIÓN DE SOMIERES Y COLCHONES,1
"VENTA AL POR MENOR POR CORREO, TELEVISION Y OTROS MEDIOS DE COMUNICACION N.C.P",1
FABRICACIÓN Y REPARACIÓN DE AERONAVES,1
ELABORACIÓN DE ACEITES Y GRASAS VEGETALES  SIN REFINAR,1
Venta al por mayor de instrumentos musicales,1
"FABRICACIÓN DE EQUIPO DE PROTECCIÓN Y SEGURIDAD, EXCEPTO CALZADO",1
FABRICACIÓN DE CARTÓN ONDULADO Y ENVASES DE CARTÓN,1
Fabricación de accesorios de vestir de cuero,1
VENTA AL POR MENOR DE COMBUSTIBLE DE PRODUCCION PROPIA COMPRENDIDOS EN LEY 23966  PARA VEHICULOS AUTOMOTORES Y MOTOCICLETAS REALIZADA POR REFINERIAS,1
FABRICACIÓN DE CUBIERTAS Y CÁMARAS,1
Construcción de maquinaria y equipo ferroviario (incluye locomotoras y material rodante),1
CONSTRUCCIÓN Y REPARACIÓN DE EMBARCACIONES DE RECREO Y DEPORTE,1
PRODUCCIÓN DE FILMES Y VIDEOCINTAS,1
"Fabricación de cuchillería, vajilla, utensilios y baterías de cocina",1
SERVICIOS DE ORGANIZACIONES RELIGIOSAS,1
SERVICIOS DE SEGUROS PERSONALES EXCEPTO LOS DE SALUD Y DE VIDA,1
VENTA POR MAYOR DE MASCOTAS Y ACCESORIOS PARA ANIMALES,1
"Taller de enrollado, bobinado y enfardado de papel",1
Sin Descripción,1
FABRICACIÓN DE PRENDAS DE VESTIR Y ARTÍCULOS SIMILARES DE PUNTO ,1
Elaboración de vinagre,1
SERVICIOS DE PRÁCTICAS DE DIAGNÓSTICO N.C.P.,1
"FABRICACIÓN DE CARTELES, SEÑALES E INDICADORES  -ELÉCTRICOS O NO-",1
ELABORACIÓN DE LECHES Y PRODUCTOS LÁCTEOS DESHIDRATADOS,1
"Fabricación y reparación de motores y turbinas, incluyendo máquinas de vapor (excepto de motocicletas, automotores y naves)",1
FABRICACIÓN DE SUSTANCIAS QUÍMICAS PARA LA ELABORACIÓN DE MEDICAMENTOS,1
FABRICACIÓN DE ARTÍCULOS DE CUCHILLERÍA Y UTENSILLOS DE MESA Y DE COCINA,1
Fabricación de ataúdes,1
Salado y pelado de cueros. Saladeros y peladeros de cuero,1
INVESTIGACIÓN  Y DESARROLLO EXPERIMENTAL EN EL CAMPO DE LAS CIENCIAS AGROPECUARIAS,1
SERVICIOS DE FIDEICOMISOS,1
ELABORACIÓN DE HIELO,1
Fabricación de piezas y suministros utilizados especialmente para aparatos de radio y televisión,1
Fábrica de estropajos,1
ELABORACIÓN DE QUESOS,1
"Fabricación de artículos de pulpa, papel y cartón no clasificados en otra parte",1
ELABORACIÓN DE YERBA MATE,1
Reparaciones de armas de fuego,1
INVESTIGACIÓN  Y DESARROLLO EXPERIMENTAL EN EL CAMPO DE LA INGENIERÍA Y LA TECNOLOGÍA,1
VENTA AL POR MENOR DE EQUIPOS  Y ARTÍCULOS DEPORTIVOS  ,1
Fabricación de tejidos y artículos de punto,1
"FABRICACIÓN DE TANQUES, DEPÓSITOS Y RECIPIENTES DE METAL",1
INVESTIGACIÓN Y DESARROLLO EXPERIMENTAL EN EL CAMPO DE LAS CIENCIAS AGROPECUARIAS,1
Fabricación de instrumentos de música,1
DISTRIBUCIÓN DE FILMES Y VIDEOCINTAS,1
Fabricación de quesos,1
FABRICACIÓN DE LADRILLOS,1
"FABRICACIÓN DE CARROCERÍAS PARA VEHÍCULOS AUTOMOTORES, FABRICACIÓN DE REMOLQUES Y SEMIRREMOLQUES",1
"CAPTACIÓN, DEPURACIÓN Y DISTRIBUCIÓN DE AGUA DE FUENTES SUPERFICIALES",1
FABRICACIÓN DE AUTOPARTES DE CAUCHO EXCEPTO CÁMARAS Y CUBIERTAS,1
"RECOLECCIÓN, TRANSPORTE, TRATAMIENTO Y DISPOSICIÓN FINAL DE RESIDUOS PELIGROSOS",1
SERVICIOS DE APOYO AGRÍCOLAS N.C.P,1
PRODUCCIÓN DE OTRAS FORMAS DE PROPAGACIÓN DE CULTIVOS AGRÍCOLAS,1
EXPLOTACIÓN DE VIVEROS FORESTALES,1
"FABRICACIÓN DE VENTILADORES, EXTRACTORES DE AIRE, ASPIRADORAS Y SIMILARES",1
"FABRICACIÓN DE ARTÍCULOS DE CEMENTO, FIBROCEMENTO Y YESO EXCEPTO HORMIGÓN Y MOSAICOS",1
Elaboración de aluminio primario y semielaborados de aluminio,1
ASERRADO Y CEPILLADO DE MADERA  NATIVA,1
"FABRICACIÓN DE LÁPICES, LAPICERAS, BOLÍGRAFOS, SELLOS Y ARTÍCULOS SIMILARES PARA OFICINAS Y ARTISTAS",1
SERVICIOS DE ENVASE Y EMPAQUE,1
CONFECCIÓN DE PRENDAS DE VESTIR DE CUERO,1
VENTA AL POR MAYOR EN COMISIÓN O CONSIGNACIÓN DE  MADERA Y MATERIALES PARA LA CONSTRUCCIÓN,1
"Alquiler de equipo de transporte para vía terrestre, sin operarios ni tripulación",1
FABRICACIÓN DE EQUIPO DE TRANSPORTE N.C.P.,1
FABRICACIÓN DE BICICLETAS Y DE SILLONES DE RUEDAS ORTOPÉDICOS,1
SERVICIOS DE FOTOGRAFIA,1
Confección de prendas de vestir de piel y sucedáneos,1
Fabricación de conductores eléctricos,1
"SERVICIOS DE PULVERIZACIÓN, DESINFECCIÓN Y FUMIGACIÓN TERRESTRE",1
SERVICIOS DE SOCIEDADES DE CARTERA,1
IMPRESIÓN DE DIARIOS Y REVISTAS         ,1
"Extracción de arenas, canto rodado y triturados pétreos. (Incluye arena para construcción, arena silícea, otras arenas naturales, canto rodado, dolomita triturada, granito triturado, piedra partida y otros triturados pétreos)",1
ENSEÑANZA SECUNDARIA DE FORMACIÓN TÉCNICA Y PROFESIONAL,1
Venta al por menor de pieles naturales y sintéticas. Peletería,1
"ALQUILER DE VEHÍCULOS AUTOMOTORES N.C.P., SIN CONDUCTOR NI OPERARIOS",1
FABRICACIÓN DE ARTÍCULOS DE DEPORTE,1
"Elaboración de frutas, hortalizas y legumbres congeladas",1
"Fabricación de gases comprimidos y licuados, excepto los de uso doméstico",1
Fabricación de bolsas de materiales textiles para productos a granel,1
Construcción de motores y piezas para navíos,1
FABRICACIÓN DE ACCESORIOS DE VESTIR DE CUERO,1
SERVICIOS DE GRABACIÓN DE SONIDO Y EDICIÓN DE MÚSICA,1
"CONFECCIÓN DE ROPA INTERIOR, PRENDAS PARA DORMIR Y PARA LA PLAYA",1
Servicios de diversión y esparcimiento n.c.p.-,1
"CRÍA DE AVES DE CORRAL, EXCEPTO PARA LA PRODUCCIÓN DE HUEVOS",1
SERVICIOS DE REPRESENTACIÓN E INTERMEDIACIÓN DE ARTISTAS Y MODELOS,1
"Fabricación de válvulas, grifos y accesorios de cañerías",1
"Venta al por mayor de discos, cassettes, DVD, videojuegos. Disquerías",1
Venta al por menor no realizada en establecimientos n.c.p.,1
Venta al por mayor de tarjetas magnéticas de transporte,1
"SERVICIOS PARA EL CONTROL DE PLAGAS, BAÑOS PARASITICIDAS, ETC.",1
"ELABORACIÓN DE PESCADOS DE MAR, CRUSTÁCEOS Y PRODUCTOS MARINOS",1
CULTIVOS PERENNES N.C.P.,1
APICULTURA,1
VENTA AL POR MAYOR DE FLORES Y PLANTAS NATURALES Y ARTIFICIALES,1
"ELABORACIÓN DE FRUTAS DESHIDRATADAS O DESECADAS, PREPARACIÓN N.C.P. DE FRUTAS",1
"FABRICACIÓN DE ACEITES, GRASAS, HARINAS Y PRODUCTOS A BASE DE PESCADOS",1
SERVICIOS DE INTERMEDIACIÓN FINANCIERA REALIZADA POR SOCIEDADES DE AHORRO Y PRÉSTAMO PARA LA VIVIENDA Y OTROS INMUEBLES,1
Fabricación de papel y cartón,1
FABRICACIÓN DE OBJETOS CERÁMICOS PARA USO DOMÉSTICO EXCEPTO ARTEFACTOS SANITARIOS,1
Distribución y alquiler de películas cinematográficas,1
"EXTRACCIÓN DE ARENAS, CANTO RODADO Y TRITURADOS PÉTREOS",1
DESCONTAMINACIÓN Y OTROS SERVICIOS DE GESTIÓN DE RESIDUOS,1
SERVICIOS DE SEGUROS PERSONALES EXCEPTO  LOS DE SALUD Y DE VIDA,1
"ARRENDAMIENTO FINANCIERO, LEASING",1
VENTA AL POR MAYOR DE LIBROS Y PUBLICACIONES (NUEVO O USADOS),1
"Fabricación de planchas, calefactores, hornos eléctricos, microondas y otros aparatos generadores de calor",1
Fabricación y reparación de armas (excepto municiones),1
"FABRICACIÓN DE RECEPTORES DE RADIO Y TELEVISIÓN, APARATOS DE GRABACIÓN Y REPRODUCCIÓN DE SONIDO Y VIDEO, Y PRODUCTOS CONEXOS",1
"Servicios de depuración de aguas residuales, alcantarillado y cloacas",1
"FABRICACIÓN  DE  MOTORES  Y  TURBINAS,  EXCEPTO  MOTORES  PARA AERONAVES, VEHÍCULOS AUTOMOTORES   Y MOTOCICLETAS",1
"Fabricación de artefactos para iluminación metálicos, excepto los eléctricos",1
FABRICACIÓN DE ENVASES METÁLICOS,1
Fabricación de equipos y artículos para gastronomía,1
Fabricación de tintas y negro de humo (incluye tintas de imprenta),1
"VENTA POR MAYOR DE MEDICAMENTOS, MASCOTAS Y PRODUCTOS (INCLUYE ALIMENTOS PARA ANIMALES)",1
Alquiler y arrendamiento de maquinaria y equipo agrícola (sin personal),1
