nivel2,spells,cierres,mediana_anios,s5_5,s10_5,cohorte,spells_cohorte,base,efecto
estacion_servicio,86,74,5.002053388090349,0.419,0.174,2014-2015,12755,0.14,0.27899999999999997
oficina,315,250,5.002053388090349,0.375,0.229,2014-2015,12755,0.14,0.235
deposito,511,450,5.002053388090349,0.352,0.143,2014-2015,12755,0.14,0.21199999999999997
comercio_otros,568,480,5.002053388090349,0.329,0.169,2014-2015,12755,0.14,0.189
mayorista,603,536,5.002053388090349,0.297,0.128,2014-2015,12755,0.14,0.15699999999999997
venta_vehiculos,105,85,5.002053388090349,0.295,0.2,2014-2015,12755,0.14,0.15499999999999997
indumentaria_deportiva,115,98,5.002053388090349,0.287,0.148,2014-2015,12755,0.14,0.14699999999999996
repuestos,536,471,5.002053388090349,0.28,0.144,2014-2015,12755,0.14,0.14
golosinas,91,78,5.002053388090349,0.275,0.154,2014-2015,12755,0.14,0.135
pinturería,92,85,5.002053388090349,0.272,0.076,2014-2015,12755,0.14,0.132
articulos_hogar,137,118,5.002053388090349,0.263,0.139,2014-2015,12755,0.14,0.123
ferreteria,188,172,5.002053388090349,0.255,0.09,2014-2015,12755,0.14,0.11499999999999999
consultorio,162,136,5.002053388090349,0.253,0.167,2014-2015,12755,0.14,0.11299999999999999
perfumeria,614,549,5.002053388090349,0.241,0.112,2014-2015,12755,0.14,0.10099999999999998
construccion,83,77,5.002053388090349,0.241,0.072,2014-2015,12755,0.14,0.10099999999999998
marroquineria,434,393,5.002053388090349,0.233,0.104,2014-2015,12755,0.14,0.093
intermediarios,147,141,5.002053388090349,0.231,0.048,2014-2015,12755,0.14,0.091
otro,1549,1387,5.002053388090349,0.23,0.116,2014-2015,12755,0.14,0.09
cobranzas,398,363,4.999315537303217,0.229,0.123,2014-2015,12755,0.14,0.089
tecnologia,290,263,5.002053388090349,0.228,0.107,2014-2015,12755,0.14,0.088
dietetica,294,264,5.002053388090349,0.224,0.109,2014-2015,12755,0.14,0.08399999999999999
farmacia,305,276,5.002053388090349,0.223,0.098,2014-2015,12755,0.14,0.08299999999999999
fabricacion,610,562,5.002053388090349,0.221,0.09,2014-2015,12755,0.14,0.08099999999999999
bazar,142,129,5.002053388090349,0.218,0.099,2014-2015,12755,0.14,0.07799999999999999
optica,88,75,5.002053388090349,0.216,0.17,2014-2015,12755,0.14,0.07599999999999998
alimentos_otros,132,120,5.002053388090349,0.212,0.106,2014-2015,12755,0.14,0.07199999999999998
inmobiliaria,327,297,4.999315537303217,0.205,0.104,2014-2015,12755,0.14,0.06499999999999997
merceria,238,220,5.002053388090349,0.202,0.092,2014-2015,12755,0.14,0.062
seguros,95,87,5.002053388090349,0.2,0.095,2014-2015,12755,0.14,0.06
lenceria,172,158,5.002053388090349,0.198,0.105,2014-2015,12755,0.14,0.057999999999999996
forrajeria,287,268,5.002053388090349,0.195,0.087,2014-2015,12755,0.14,0.05499999999999999
jugueteria,324,302,5.002053388090349,0.194,0.08,2014-2015,12755,0.14,0.05399999999999999
heladeria,214,195,5.002053388090349,0.192,0.093,2014-2015,12755,0.14,0.05199999999999999
bijouterie,538,501,5.002053388090349,0.186,0.08,2014-2015,12755,0.14,0.045999999999999985
calzado,533,489,5.002053388090349,0.178,0.09,2014-2015,12755,0.14,0.03799999999999998
reparaciones,135,129,5.002053388090349,0.178,0.059,2014-2015,12755,0.14,0.03799999999999998
libreria,492,468,5.002053388090349,0.175,0.061,2014-2015,12755,0.14,0.034999999999999976
regaleria,493,467,5.002053388090349,0.174,0.063,2014-2015,12755,0.14,0.033999999999999975
bebidas,686,638,5.002053388090349,0.173,0.082,2014-2015,12755,0.14,0.032999999999999974
veterinaria,130,119,4.999315537303217,0.169,0.108,2014-2015,12755,0.14,0.028999999999999998
fiambreria,131,122,5.002053388090349,0.168,0.076,2014-2015,12755,0.14,0.027999999999999997
fotocopias,307,294,4.999315537303217,0.163,0.055,2014-2015,12755,0.14,0.022999999999999993
taller_mecanico,186,172,4.999315537303217,0.161,0.081,2014-2015,12755,0.14,0.02099999999999999
locutorio,125,118,5.002053388090349,0.16,0.072,2014-2015,12755,0.14,0.01999999999999999
comida_para_llevar,564,530,5.002053388090349,0.158,0.074,2014-2015,12755,0.14,0.017999999999999988
kiosco,1519,1438,5.002053388090349,0.158,0.063,2014-2015,12755,0.14,0.017999999999999988
carniceria,455,434,5.002053388090349,0.158,0.057,2014-2015,12755,0.14,0.017999999999999988
verduleria,548,521,5.002053388090349,0.153,0.058,2014-2015,12755,0.14,0.012999999999999984
panaderia,421,396,5.002053388090349,0.152,0.067,2014-2015,12755,0.14,0.011999999999999983
bar_restaurante,830,786,4.999315537303217,0.151,0.06,2014-2015,12755,0.14,0.010999999999999982
ropa,1247,1196,5.002053388090349,0.142,0.052,2014-2015,12755,0.14,0.001999999999999974
lacteos,156,145,5.002053388090349,0.141,0.071,2014-2015,12755,0.14,0.0009999999999999731
limpieza,404,389,5.002053388090349,0.139,0.05,2014-2015,12755,0.14,-0.0010000000000000009
almacen,1707,1634,5.002053388090349,0.138,0.052,2014-2015,12755,0.14,-0.0020000000000000018
muebleria,243,231,5.002053388090349,0.136,0.053,2014-2015,12755,0.14,-0.0040000000000000036
turismo,198,193,5.002053388090349,0.131,0.03,2014-2015,12755,0.14,-0.009000000000000008
peluqueria,465,443,5.002053388090349,0.131,0.069,2014-2015,12755,0.14,-0.009000000000000008
transporte,240,229,5.002053388090349,0.129,0.054,2014-2015,12755,0.14,-0.01100000000000001
polleria,379,360,5.002053388090349,0.129,0.058,2014-2015,12755,0.14,-0.01100000000000001
juegos_azar,499,482,5.002053388090349,0.124,0.042,2014-2015,12755,0.14,-0.016000000000000014
ropa_infantil,260,251,5.002053388090349,0.119,0.038,2014-2015,12755,0.14,-0.02100000000000002
belleza,105,103,5.002053388090349,0.095,0.029,2014-2015,12755,0.14,-0.04500000000000001
gimnasio,102,98,4.999315537303217,0.078,0.039,2014-2015,12755,0.14,-0.06200000000000001
tabaqueria,80,63,4.999315537303217,0.325,0.213,2016-2017,14298,0.113,0.21200000000000002
venta_vehiculos,134,99,4.999315537303217,0.299,0.261,2016-2017,14298,0.113,0.186
alimentos_otros,191,151,4.999315537303217,0.288,0.209,2016-2017,14298,0.113,0.175
consultorio,237,180,4.999315537303217,0.274,0.241,2016-2017,14298,0.113,0.16100000000000003
golosinas,126,102,4.999315537303217,0.262,0.19,2016-2017,14298,0.113,0.14900000000000002
indumentaria_deportiva,150,116,4.999315537303217,0.253,0.227,2016-2017,14298,0.113,0.14
comercio_otros,818,651,4.999315537303217,0.252,0.204,2016-2017,14298,0.113,0.139
fiambreria,201,165,4.999315537303217,0.244,0.179,2016-2017,14298,0.113,0.131
oficina,682,561,4.999315537303217,0.23,0.177,2016-2017,14298,0.113,0.117
estacion_servicio,87,69,4.999315537303217,0.23,0.206,2016-2017,14298,0.113,0.117
otro,1671,1360,4.999315537303217,0.226,0.186,2016-2017,14298,0.113,0.113
deposito,576,477,4.999315537303217,0.217,0.172,2016-2017,14298,0.113,0.104
lacteos,231,191,4.999315537303217,0.216,0.173,2016-2017,14298,0.113,0.103
mayorista,598,493,4.999315537303217,0.214,0.176,2016-2017,14298,0.113,0.10099999999999999
cobranzas,145,121,4.999315537303217,0.214,0.166,2016-2017,14298,0.113,0.10099999999999999
merceria,302,253,4.999315537303217,0.209,0.161,2016-2017,14298,0.113,0.09599999999999999
construccion,103,87,4.999315537303217,0.204,0.155,2016-2017,14298,0.113,0.09099999999999998
vivero,84,71,4.999315537303217,0.202,0.155,2016-2017,14298,0.113,0.08900000000000001
farmacia,271,222,4.999315537303217,0.196,0.18,2016-2017,14298,0.113,0.083
jugueteria,356,306,4.999315537303217,0.191,0.14,2016-2017,14298,0.113,0.078
optica,96,81,4.999315537303217,0.188,0.156,2016-2017,14298,0.113,0.075
repuestos,523,444,4.999315537303217,0.185,0.151,2016-2017,14298,0.113,0.072
heladeria,275,244,4.999315537303217,0.182,0.112,2016-2017,14298,0.113,0.06899999999999999
seguros,101,84,4.999315537303217,0.178,0.168,2016-2017,14298,0.113,0.06499999999999999
lenceria,203,175,4.999315537303217,0.177,0.138,2016-2017,14298,0.113,0.06399999999999999
libreria,482,414,4.999315537303217,0.174,0.141,2016-2017,14298,0.113,0.060999999999999985
perfumeria,629,535,4.999315537303217,0.173,0.149,2016-2017,14298,0.113,0.059999999999999984
dietetica,393,340,4.999315537303217,0.165,0.135,2016-2017,14298,0.113,0.052000000000000005
calzado,565,499,4.999315537303217,0.159,0.117,2016-2017,14298,0.113,0.046
articulos_hogar,170,152,4.999315537303217,0.159,0.106,2016-2017,14298,0.113,0.046
fotocopias,315,274,4.999315537303217,0.156,0.129,2016-2017,14298,0.113,0.043
inmobiliaria,282,249,4.999315537303217,0.156,0.117,2016-2017,14298,0.113,0.043
tecnologia,344,310,4.999315537303217,0.148,0.099,2016-2017,14298,0.113,0.03499999999999999
panaderia,541,480,4.999315537303217,0.148,0.113,2016-2017,14298,0.113,0.03499999999999999
comida_para_llevar,871,782,4.999315537303217,0.147,0.102,2016-2017,14298,0.113,0.03399999999999999
bebidas,884,788,4.999315537303217,0.147,0.109,2016-2017,14298,0.113,0.03399999999999999
marroquineria,512,458,4.999315537303217,0.145,0.105,2016-2017,14298,0.113,0.03199999999999999
bazar,154,136,4.999315537303217,0.143,0.117,2016-2017,14298,0.113,0.029999999999999985
fabricacion,669,593,4.999315537303217,0.136,0.114,2016-2017,14298,0.113,0.023000000000000007
ferreteria,260,229,4.999315537303217,0.135,0.119,2016-2017,14298,0.113,0.022000000000000006
pinturería,126,109,4.999315537303217,0.135,0.135,2016-2017,14298,0.113,0.022000000000000006
carniceria,522,486,4.999315537303217,0.13,0.069,2016-2017,14298,0.113,0.017
kiosco,1555,1419,4.999315537303217,0.125,0.087,2016-2017,14298,0.113,0.011999999999999997
juegos_azar,321,289,4.999315537303217,0.125,0.1,2016-2017,14298,0.113,0.011999999999999997
polleria,445,413,4.999315537303217,0.124,0.072,2016-2017,14298,0.113,0.010999999999999996
almacen,1964,1801,4.999315537303217,0.123,0.083,2016-2017,14298,0.113,0.009999999999999995
bijouterie,561,504,4.999315537303217,0.123,0.102,2016-2017,14298,0.113,0.009999999999999995
locutorio,130,118,4.999315537303217,0.123,0.092,2016-2017,14298,0.113,0.009999999999999995
regaleria,490,448,4.999315537303217,0.122,0.086,2016-2017,14298,0.113,0.008999999999999994
peluqueria,449,408,4.999315537303217,0.12,0.091,2016-2017,14298,0.113,0.006999999999999992
limpieza,452,418,4.999315537303217,0.113,0.075,2016-2017,14298,0.113,0.0
intermediarios,160,146,4.999315537303217,0.113,0.088,2016-2017,14298,0.113,0.0
ropa_infantil,253,229,4.999315537303217,0.111,0.095,2016-2017,14298,0.113,-0.0020000000000000018
taller_mecanico,173,158,4.999315537303217,0.11,0.087,2016-2017,14298,0.113,-0.0030000000000000027
bar_restaurante,981,903,4.999315537303217,0.106,0.08,2016-2017,14298,0.113,-0.007000000000000006
muebleria,286,263,4.999315537303217,0.105,0.08,2016-2017,14298,0.113,-0.008000000000000007
forrajeria,328,311,4.999315537303217,0.104,0.052,2016-2017,14298,0.113,-0.009000000000000008
belleza,140,134,4.999315537303217,0.1,0.043,2016-2017,14298,0.113,-0.012999999999999998
verduleria,601,572,4.999315537303217,0.098,0.048,2016-2017,14298,0.113,-0.015
gimnasio,124,114,4.999315537303217,0.097,0.081,2016-2017,14298,0.113,-0.016
ropa,1421,1323,4.999315537303217,0.095,0.069,2016-2017,14298,0.113,-0.018000000000000002
reparaciones,170,157,4.999315537303217,0.088,0.076,2016-2017,14298,0.113,-0.02500000000000001
transporte,293,278,4.999315537303217,0.085,0.051,2016-2017,14298,0.113,-0.027999999999999997
veterinaria,109,103,4.999315537303217,0.064,0.055,2016-2017,14298,0.113,-0.049
turismo,219,208,4.999315537303217,0.055,0.05,2016-2017,14298,0.113,-0.058
alimentos_otros,189,114,5.002053388090349,0.397,0.397,2018-2019,11404,0.143,0.254
golosinas,97,65,5.002053388090349,0.34,0.33,2018-2019,11404,0.143,0.19700000000000004
lacteos,176,121,5.002053388090349,0.318,0.313,2018-2019,11404,0.143,0.17500000000000002
consultorio,204,143,5.002053388090349,0.314,0.299,2018-2019,11404,0.143,0.171
venta_vehiculos,137,98,5.002053388090349,0.285,0.285,2018-2019,11404,0.143,0.142
inmobiliaria,217,160,5.002053388090349,0.276,0.263,2018-2019,11404,0.143,0.13300000000000003
cobranzas,147,111,5.002053388090349,0.272,0.245,2018-2019,11404,0.143,0.12900000000000003
indumentaria_deportiva,138,101,5.002053388090349,0.268,0.268,2018-2019,11404,0.143,0.12500000000000003
otro,1348,1011,5.002053388090349,0.26,0.25,2018-2019,11404,0.143,0.11700000000000002
heladeria,204,155,5.002053388090349,0.26,0.24,2018-2019,11404,0.143,0.11700000000000002
educacion,89,67,4.999315537303217,0.247,0.247,2018-2019,11404,0.143,0.10400000000000001
optica,86,66,5.002053388090349,0.244,0.233,2018-2019,11404,0.143,0.101
perfumeria,460,351,5.002053388090349,0.241,0.237,2018-2019,11404,0.143,0.098
repuestos,462,357,5.002053388090349,0.24,0.227,2018-2019,11404,0.143,0.097
comercio_otros,862,667,5.002053388090349,0.239,0.226,2018-2019,11404,0.143,0.096
farmacia,202,155,5.002053388090349,0.238,0.233,2018-2019,11404,0.143,0.095
fiambreria,181,140,5.002053388090349,0.238,0.227,2018-2019,11404,0.143,0.095
articulos_hogar,147,113,5.002053388090349,0.238,0.231,2018-2019,11404,0.143,0.095
intermediarios,124,99,4.999315537303217,0.234,0.202,2018-2019,11404,0.143,0.09100000000000003
panaderia,450,351,5.002053388090349,0.231,0.22,2018-2019,11404,0.143,0.08800000000000002
tecnologia,262,209,5.002053388090349,0.225,0.202,2018-2019,11404,0.143,0.08200000000000002
deposito,518,404,5.002053388090349,0.224,0.22,2018-2019,11404,0.143,0.08100000000000002
lenceria,152,121,4.999315537303217,0.224,0.204,2018-2019,11404,0.143,0.08100000000000002
dietetica,306,239,4.999315537303217,0.222,0.219,2018-2019,11404,0.143,0.07900000000000001
marroquineria,315,249,5.002053388090349,0.222,0.21,2018-2019,11404,0.143,0.07900000000000001
bebidas,777,614,5.002053388090349,0.218,0.21,2018-2019,11404,0.143,0.07500000000000001
mayorista,591,468,5.002053388090349,0.212,0.208,2018-2019,11404,0.143,0.069
veterinaria,85,68,5.002053388090349,0.212,0.2,2018-2019,11404,0.143,0.069
calzado,363,291,5.002053388090349,0.209,0.198,2018-2019,11404,0.143,0.066
bijouterie,341,276,4.999315537303217,0.208,0.191,2018-2019,11404,0.143,0.065
transporte,189,152,5.002053388090349,0.206,0.196,2018-2019,11404,0.143,0.063
comida_para_llevar,707,571,5.002053388090349,0.205,0.192,2018-2019,11404,0.143,0.062
oficina,721,585,4.999315537303217,0.205,0.189,2018-2019,11404,0.143,0.062
construccion,93,75,4.999315537303217,0.204,0.194,2018-2019,11404,0.143,0.061
merceria,226,183,4.999315537303217,0.195,0.19,2018-2019,11404,0.143,0.05200000000000002
almacen,1630,1331,5.002053388090349,0.193,0.183,2018-2019,11404,0.143,0.05000000000000002
polleria,405,338,5.002053388090349,0.193,0.165,2018-2019,11404,0.143,0.05000000000000002
jugueteria,244,198,4.999315537303217,0.193,0.189,2018-2019,11404,0.143,0.05000000000000002
ropa_infantil,180,149,5.002053388090349,0.189,0.172,2018-2019,11404,0.143,0.04600000000000001
bazar,141,117,4.999315537303217,0.184,0.17,2018-2019,11404,0.143,0.04100000000000001
forrajeria,251,209,4.999315537303217,0.183,0.167,2018-2019,11404,0.143,0.04000000000000001
carniceria,535,448,5.002053388090349,0.181,0.163,2018-2019,11404,0.143,0.038000000000000006
limpieza,352,290,4.999315537303217,0.179,0.176,2018-2019,11404,0.143,0.036000000000000004
libreria,369,308,4.999315537303217,0.179,0.165,2018-2019,11404,0.143,0.036000000000000004
gimnasio,110,91,5.002053388090349,0.173,0.173,2018-2019,11404,0.143,0.03
fabricacion,599,504,5.002053388090349,0.16,0.159,2018-2019,11404,0.143,0.017000000000000015
kiosco,1220,1044,4.999315537303217,0.154,0.144,2018-2019,11404,0.143,0.01100000000000001
fotocopias,231,199,4.999315537303217,0.152,0.138,2018-2019,11404,0.143,0.009000000000000008
ropa,909,782,4.999315537303217,0.151,0.14,2018-2019,11404,0.143,0.008000000000000007
muebleria,186,160,4.999315537303217,0.151,0.14,2018-2019,11404,0.143,0.008000000000000007
juegos_azar,262,227,4.999315537303217,0.149,0.133,2018-2019,11404,0.143,0.006000000000000005
bar_restaurante,856,743,5.002053388090349,0.145,0.132,2018-2019,11404,0.143,0.0020000000000000018
verduleria,494,430,5.002053388090349,0.14,0.13,2018-2019,11404,0.143,-0.002999999999999975
reparaciones,126,110,4.999315537303217,0.135,0.127,2018-2019,11404,0.143,-0.00799999999999998
ferreteria,151,132,4.999315537303217,0.132,0.126,2018-2019,11404,0.143,-0.010999999999999982
peluqueria,400,357,4.999315537303217,0.123,0.107,2018-2019,11404,0.143,-0.01999999999999999
regaleria,361,320,4.999315537303217,0.122,0.114,2018-2019,11404,0.143,-0.02099999999999999
taller_mecanico,195,174,4.999315537303217,0.118,0.108,2018-2019,11404,0.143,-0.024999999999999994
belleza,105,96,4.999315537303217,0.105,0.086,2018-2019,11404,0.143,-0.03799999999999999
turismo,209,192,4.999315537303217,0.081,0.081,2018-2019,11404,0.143,-0.061999999999999986
